symbol,threshold,use_rsi_filter,use_volume_filter,use_trend_filter,rsi_min,rsi_max,min_volume_mult,take_profit_pct,stop_loss_pct,hold_timeout_hours,total_return_pct,sharpe,max_drawdown,max_drawdown_pct,win_rate_pct,profit_factor,total_trades,expectancy_pct,wf_windows_total,wf_windows_with_trades,wf_positive_pct,wf_sharpe_positive_pct,wf_pf_above_1_pct,wf_avg_return_pct,wf_avg_sharpe,wf_avg_pf,wf_avg_max_dd_pct,wf_total_trades,score_base,robust_score,robust_horizon_details,score
DOGE/USDT,0.05,True,False,True,60.0,90.0,0.8,0.02,0.06,12,1.68,0.45,-0.0224,-2.24,60.56,1.43,71,0.3109,3,3,66.67,66.67,66.67,0.093,0.283,1.493,-1.227,36,53.5,60.92,"{""365"": {""score"": 53.5, ""wf_positive_pct"": 66.67, ""wf_sharpe_positive_pct"": 66.67, ""wf_pf_above_1_pct"": 66.67, ""total_trades"": 71, ""total_return_pct"": 1.68, ""max_drawdown_pct"": -2.24}, ""1095"": {""score"": 69.1, ""wf_positive_pct"": 69.23, ""wf_sharpe_positive_pct"": 69.23, ""wf_pf_above_1_pct"": 69.23, ""total_trades"": 190, ""total_return_pct"": 9.75, ""max_drawdown_pct"": -4.07}, ""1825"": {""score"": 58.98, ""wf_positive_pct"": 62.5, ""wf_sharpe_positive_pct"": 66.67, ""wf_pf_above_1_pct"": 58.33, ""total_trades"": 411, ""total_return_pct"": -0.8, ""max_drawdown_pct"": -13.97}}",60.92
DOGE/USDT,0.04,True,False,True,65.0,95.0,0.8,0.02,0.07,36,-2.17,-0.38,-0.0671,-6.71,58.57,0.92,70,-0.0987,3,3,66.67,66.67,66.67,-0.337,0.09,1.76,-2.193,36,53.53,59.81,"{""365"": {""score"": 53.53, ""wf_positive_pct"": 66.67, ""wf_sharpe_positive_pct"": 66.67, ""wf_pf_above_1_pct"": 66.67, ""total_trades"": 70, ""total_return_pct"": -2.17, ""max_drawdown_pct"": -6.71}, ""1095"": {""score"": 59.46, ""wf_positive_pct"": 57.14, ""wf_sharpe_positive_pct"": 57.14, ""wf_pf_above_1_pct"": 42.86, ""total_trades"": 184, ""total_return_pct"": 5.04, ""max_drawdown_pct"": -6.71}, ""1825"": {""score"": 62.54, ""wf_positive_pct"": 69.23, ""wf_sharpe_positive_pct"": 69.23, ""wf_pf_above_1_pct"": 42.31, ""total_trades"": 354, ""total_return_pct"": 0.26, ""max_drawdown_pct"": -9.12}}",59.81
DOGE/USDT,0.04,True,False,True,60.0,90.0,0.8,0.02,0.06,12,2.49,0.57,-0.0268,-2.68,59.22,1.44,103,0.3103,3,3,66.67,66.67,66.67,0.517,0.923,2.197,-1.473,49,65.0,58.41,"{""365"": {""score"": 65.0, ""wf_positive_pct"": 66.67, ""wf_sharpe_positive_pct"": 66.67, ""wf_pf_above_1_pct"": 66.67, ""total_trades"": 103, ""total_return_pct"": 2.49, ""max_drawdown_pct"": -2.68}, ""1095"": {""score"": 63.02, ""wf_positive_pct"": 57.14, ""wf_sharpe_positive_pct"": 57.14, ""wf_pf_above_1_pct"": 57.14, ""total_trades"": 269, ""total_return_pct"": 8.82, ""max_drawdown_pct"": -7.12}, ""1825"": {""score"": 53.01, ""wf_positive_pct"": 46.15, ""wf_sharpe_positive_pct"": 46.15, ""wf_pf_above_1_pct"": 53.85, ""total_trades"": 538, ""total_return_pct"": -2.55, ""max_drawdown_pct"": -16.1}}",58.41
DOGE/USDT,0.05,True,True,True,55.0,85.0,1.0,0.02,0.04,24,1.04,0.34,-0.0277,-2.77,70.0,1.4,40,0.3332,3,3,66.67,66.67,66.67,0.07,0.313,1.433,-1.113,22,50.78,56.07,"{""365"": {""score"": 50.78, ""wf_positive_pct"": 66.67, ""wf_sharpe_positive_pct"": 66.67, ""wf_pf_above_1_pct"": 66.67, ""total_trades"": 40, ""total_return_pct"": 1.04, ""max_drawdown_pct"": -2.77}, ""1095"": {""score"": 59.9, ""wf_positive_pct"": 61.54, ""wf_sharpe_positive_pct"": 61.54, ""wf_pf_above_1_pct"": 46.15, ""total_trades"": 99, ""total_return_pct"": 1.99, ""max_drawdown_pct"": -3.14}, ""1825"": {""score"": 55.88, ""wf_positive_pct"": 57.14, ""wf_sharpe_positive_pct"": 57.14, ""wf_pf_above_1_pct"": 38.1, ""total_trades"": 208, ""total_return_pct"": -4.38, ""max_drawdown_pct"": -8.69}}",56.07
DOGE/USDT,0.05,True,False,True,55.0,85.0,0.8,0.02,0.04,24,0.98,0.23,-0.0385,-3.85,65.0,1.26,80,0.2307,3,3,66.67,66.67,66.67,0.26,0.693,2.21,-1.52,40,61.33,53.92,"{""365"": {""score"": 61.33, ""wf_positive_pct"": 66.67, ""wf_sharpe_positive_pct"": 66.67, ""wf_pf_above_1_pct"": 66.67, ""total_trades"": 80, ""total_return_pct"": 0.98, ""max_drawdown_pct"": -3.85}, ""1095"": {""score"": 61.81, ""wf_positive_pct"": 61.54, ""wf_sharpe_positive_pct"": 69.23, ""wf_pf_above_1_pct"": 69.23, ""total_trades"": 211, ""total_return_pct"": 5.32, ""max_drawdown_pct"": -6.17}, ""1825"": {""score"": 46.23, ""wf_positive_pct"": 54.17, ""wf_sharpe_positive_pct"": 54.17, ""wf_pf_above_1_pct"": 45.83, ""total_trades"": 484, ""total_return_pct"": -4.25, ""max_drawdown_pct"": -13.73}}",53.92
DOGE/USDT,0.04,False,False,True,55.0,95.0,0.8,0.04,0.07,12,-1.56,-0.21,-0.0643,-6.43,48.85,1.0,131,0.0,3,3,33.33,33.33,33.33,0.253,-0.027,1.627,-1.913,60,39.04,51.61,"{""365"": {""score"": 39.04, ""wf_positive_pct"": 33.33, ""wf_sharpe_positive_pct"": 33.33, ""wf_pf_above_1_pct"": 33.33, ""total_trades"": 131, ""total_return_pct"": -1.56, ""max_drawdown_pct"": -6.43}, ""1095"": {""score"": 43.35, ""wf_positive_pct"": 42.86, ""wf_sharpe_positive_pct"": 42.86, ""wf_pf_above_1_pct"": 50.0, ""total_trades"": 335, ""total_return_pct"": 3.1, ""max_drawdown_pct"": -8.89}, ""1825"": {""score"": 61.59, ""wf_positive_pct"": 61.54, ""wf_sharpe_positive_pct"": 61.54, ""wf_pf_above_1_pct"": 65.38, ""total_trades"": 681, ""total_return_pct"": -5.97, ""max_drawdown_pct"": -15.39}}",51.61
DOGE/USDT,0.05,True,False,True,55.0,85.0,0.8,0.03,0.05,36,-5.11,-0.83,-0.099,-9.9,48.53,0.73,68,-0.4648,3,3,33.33,33.33,33.33,-1.65,-0.88,1.717,-3.347,36,39.08,50.67,"{""365"": {""score"": 39.08, ""wf_positive_pct"": 33.33, ""wf_sharpe_positive_pct"": 33.33, ""wf_pf_above_1_pct"": 33.33, ""total_trades"": 68, ""total_return_pct"": -5.11, ""max_drawdown_pct"": -9.9}, ""1095"": {""score"": 56.84, ""wf_positive_pct"": 61.54, ""wf_sharpe_positive_pct"": 69.23, ""wf_pf_above_1_pct"": 69.23, ""total_trades"": 178, ""total_return_pct"": -1.42, ""max_drawdown_pct"": -9.9}, ""1825"": {""score"": 51.61, ""wf_positive_pct"": 45.83, ""wf_sharpe_positive_pct"": 45.83, ""wf_pf_above_1_pct"": 41.67, ""total_trades"": 396, ""total_return_pct"": -12.0, ""max_drawdown_pct"": -16.98}}",50.67
DOGE/USDT,0.04,False,True,True,55.0,95.0,0.8,0.03,0.04,24,-1.55,-0.26,-0.0631,-6.31,50.62,0.99,81,-0.0071,3,3,33.33,33.33,33.33,-0.05,-0.087,2.013,-1.867,38,45.91,47.93,"{""365"": {""score"": 45.91, ""wf_positive_pct"": 33.33, ""wf_sharpe_positive_pct"": 33.33, ""wf_pf_above_1_pct"": 33.33, ""total_trades"": 81, ""total_return_pct"": -1.55, ""max_drawdown_pct"": -6.31}, ""1095"": {""score"": 37.58, ""wf_positive_pct"": 46.15, ""wf_sharpe_positive_pct"": 46.15, ""wf_pf_above_1_pct"": 53.85, ""total_trades"": 214, ""total_return_pct"": -4.12, ""max_drawdown_pct"": -9.97}, ""1825"": {""score"": 54.94, ""wf_positive_pct"": 50.0, ""wf_sharpe_positive_pct"": 50.0, ""wf_pf_above_1_pct"": 46.15, ""total_trades"": 448, ""total_return_pct"": -10.12, ""max_drawdown_pct"": -13.07}}",47.93
DOGE/USDT,0.04,True,True,True,55.0,85.0,1.0,0.02,0.04,24,0.48,0.15,-0.0305,-3.05,64.41,1.26,59,0.2277,3,3,66.67,66.67,66.67,-0.05,0.37,1.777,-1.437,30,56.11,47.87,"{""365"": {""score"": 56.11, ""wf_positive_pct"": 66.67, ""wf_sharpe_positive_pct"": 66.67, ""wf_pf_above_1_pct"": 66.67, ""total_trades"": 59, ""total_return_pct"": 0.48, ""max_drawdown_pct"": -3.05}, ""1095"": {""score"": 56.59, ""wf_positive_pct"": 69.23, ""wf_sharpe_positive_pct"": 69.23, ""wf_pf_above_1_pct"": 69.23, ""total_trades"": 143, ""total_return_pct"": 1.22, ""max_drawdown_pct"": -4.0}, ""1825"": {""score"": 39.34, ""wf_positive_pct"": 56.52, ""wf_sharpe_positive_pct"": 56.52, ""wf_pf_above_1_pct"": 43.48, ""total_trades"": 290, ""total_return_pct"": -7.09, ""max_drawdown_pct"": -11.29}}",47.87
DOGE/USDT,0.04,True,False,True,55.0,85.0,0.8,0.02,0.04,24,-0.98,-0.16,-0.0655,-6.55,60.53,1.06,114,0.0622,3,3,66.67,66.67,66.67,0.72,1.15,3.373,-1.963,53,58.93,47.49,"{""365"": {""score"": 58.93, ""wf_positive_pct"": 66.67, ""wf_sharpe_positive_pct"": 66.67, ""wf_pf_above_1_pct"": 66.67, ""total_trades"": 114, ""total_return_pct"": -0.98, ""max_drawdown_pct"": -6.55}, ""1095"": {""score"": 51.18, ""wf_positive_pct"": 50.0, ""wf_sharpe_positive_pct"": 50.0, ""wf_pf_above_1_pct"": 50.0, ""total_trades"": 298, ""total_return_pct"": 2.44, ""max_drawdown_pct"": -8.11}, ""1825"": {""score"": 40.7, ""wf_positive_pct"": 50.0, ""wf_sharpe_positive_pct"": 53.85, ""wf_pf_above_1_pct"": 53.85, ""total_trades"": 629, ""total_return_pct"": -8.42, ""max_drawdown_pct"": -17.16}}",47.49
DOGE/USDT,0.06,False,False,True,55.0,95.0,0.8,0.04,0.07,12,-0.03,0.01,-0.0439,-4.39,46.67,1.13,45,0.1284,3,3,66.67,66.67,33.33,-0.14,0.487,0.387,-1.393,24,38.76,46.95,"{""365"": {""score"": 38.76, ""wf_positive_pct"": 66.67, ""wf_sharpe_positive_pct"": 66.67, ""wf_pf_above_1_pct"": 33.33, ""total_trades"": 45, ""total_return_pct"": -0.03, ""max_drawdown_pct"": -4.39}, ""1095"": {""score"": 51.84, ""wf_positive_pct"": 41.67, ""wf_sharpe_positive_pct"": 41.67, ""wf_pf_above_1_pct"": 33.33, ""total_trades"": 136, ""total_return_pct"": 7.72, ""max_drawdown_pct"": -4.39}, ""1825"": {""score"": 47.3, ""wf_positive_pct"": 54.55, ""wf_sharpe_positive_pct"": 54.55, ""wf_pf_above_1_pct"": 36.36, ""total_trades"": 353, ""total_return_pct"": 6.45, ""max_drawdown_pct"": -12.62}}",46.95
DOGE/USDT,0.07,True,True,False,55.0,85.0,0.8,0.04,0.06,36,-7.25,-0.71,-0.1596,-15.96,58.45,0.89,142,-0.25,3,3,33.33,33.33,33.33,-0.263,0.063,1.76,-4.34,50,39.17,45.92,"{""365"": {""score"": 39.17, ""wf_positive_pct"": 33.33, ""wf_sharpe_positive_pct"": 33.33, ""wf_pf_above_1_pct"": 33.33, ""total_trades"": 142, ""total_return_pct"": -7.25, ""max_drawdown_pct"": -15.96}, ""1095"": {""score"": 47.05, ""wf_positive_pct"": 40.0, ""wf_sharpe_positive_pct"": 40.0, ""wf_pf_above_1_pct"": 46.67, ""total_trades"": 489, ""total_return_pct"": -13.48, ""max_drawdown_pct"": -29.52}, ""1825"": {""score"": 47.94, ""wf_positive_pct"": 51.85, ""wf_sharpe_positive_pct"": 51.85, ""wf_pf_above_1_pct"": 51.85, ""total_trades"": 1032, ""total_return_pct"": -44.78, ""max_drawdown_pct"": -49.94}}",45.92
DOGE/USDT,0.04,True,False,True,60.0,90.0,0.8,0.03,0.07,24,-1.66,-0.25,-0.0774,-7.74,50.62,0.99,81,-0.0119,3,3,33.33,33.33,33.33,0.203,0.16,2.007,-1.99,40,45.51,45.17,"{""365"": {""score"": 45.51, ""wf_positive_pct"": 33.33, ""wf_sharpe_positive_pct"": 33.33, ""wf_pf_above_1_pct"": 33.33, ""total_trades"": 81, ""total_return_pct"": -1.66, ""max_drawdown_pct"": -7.74}, ""1095"": {""score"": 51.51, ""wf_positive_pct"": 42.86, ""wf_sharpe_positive_pct"": 42.86, ""wf_pf_above_1_pct"": 42.86, ""total_trades"": 215, ""total_return_pct"": 2.41, ""max_drawdown_pct"": -10.7}, ""1825"": {""score"": 41.23, ""wf_positive_pct"": 53.85, ""wf_sharpe_positive_pct"": 53.85, ""wf_pf_above_1_pct"": 46.15, ""total_trades"": 422, ""total_return_pct"": -5.39, ""max_drawdown_pct"": -15.8}}",45.17
DOGE/USDT,0.07,True,False,False,55.0,85.0,0.8,0.04,0.06,36,-7.44,-0.66,-0.1818,-18.18,58.6,0.9,157,-0.2317,3,3,33.33,33.33,33.33,0.067,0.217,2.163,-4.647,56,43.54,44.72,"{""365"": {""score"": 43.54, ""wf_positive_pct"": 33.33, ""wf_sharpe_positive_pct"": 33.33, ""wf_pf_above_1_pct"": 33.33, ""total_trades"": 157, ""total_return_pct"": -7.44, ""max_drawdown_pct"": -18.18}, ""1095"": {""score"": 39.55, ""wf_positive_pct"": 33.33, ""wf_sharpe_positive_pct"": 33.33, ""wf_pf_above_1_pct"": 40.0, ""total_trades"": 572, ""total_return_pct"": -18.76, ""max_drawdown_pct"": -36.43}, ""1825"": {""score"": 48.3, ""wf_positive_pct"": 48.15, ""wf_sharpe_positive_pct"": 51.85, ""wf_pf_above_1_pct"": 51.85, ""total_trades"": 1287, ""total_return_pct"": -52.96, ""max_drawdown_pct"": -57.47}}",44.72
DOGE/USDT,0.08,True,False,False,55.0,85.0,0.8,0.04,0.06,36,-0.69,-0.02,-0.1268,-12.68,59.85,1.06,132,0.115,3,3,66.67,66.67,66.67,0.86,0.733,4.09,-3.683,52,57.43,44.51,"{""365"": {""score"": 57.43, ""wf_positive_pct"": 66.67, ""wf_sharpe_positive_pct"": 66.67, ""wf_pf_above_1_pct"": 66.67, ""total_trades"": 132, ""total_return_pct"": -0.69, ""max_drawdown_pct"": -12.68}, ""1095"": {""score"": 43.07, ""wf_positive_pct"": 33.33, ""wf_sharpe_positive_pct"": 33.33, ""wf_pf_above_1_pct"": 40.0, ""total_trades"": 476, ""total_return_pct"": -12.98, ""max_drawdown_pct"": -34.08}, ""1825"": {""score"": 40.2, ""wf_positive_pct"": 51.85, ""wf_sharpe_positive_pct"": 55.56, ""wf_pf_above_1_pct"": 51.85, ""total_trades"": 1099, ""total_return_pct"": -39.72, ""max_drawdown_pct"": -49.95}}",44.51
DOGE/USDT,0.08,True,True,False,55.0,85.0,1.0,0.02,0.05,36,-4.25,-0.66,-0.0925,-9.25,69.6,0.9,125,-0.1458,3,3,33.33,33.33,66.67,-0.62,-0.267,1.843,-2.623,44,42.5,41.45,"{""365"": {""score"": 42.5, ""wf_positive_pct"": 33.33, ""wf_sharpe_positive_pct"": 33.33, ""wf_pf_above_1_pct"": 66.67, ""total_trades"": 125, ""total_return_pct"": -4.25, ""max_drawdown_pct"": -9.25}, ""1095"": {""score"": 29.34, ""wf_positive_pct"": 40.0, ""wf_sharpe_positive_pct"": 40.0, ""wf_pf_above_1_pct"": 26.67, ""total_trades"": 405, ""total_return_pct"": -13.99, ""max_drawdown_pct"": -21.35}, ""1825"": {""score"": 48.29, ""wf_positive_pct"": 59.26, ""wf_sharpe_positive_pct"": 59.26, ""wf_pf_above_1_pct"": 55.56, ""total_trades"": 812, ""total_return_pct"": -27.92, ""max_drawdown_pct"": -31.32}}",41.45
DOGE/USDT,0.04,True,False,True,55.0,85.0,0.8,0.03,0.05,36,-4.94,-0.69,-0.1184,-11.84,51.06,0.82,94,-0.295,3,3,33.33,33.33,33.33,-0.553,-0.35,2.76,-3.357,46,44.53,40.94,"{""365"": {""score"": 44.53, ""wf_positive_pct"": 33.33, ""wf_sharpe_positive_pct"": 33.33, ""wf_pf_above_1_pct"": 33.33, ""total_trades"": 94, ""total_return_pct"": -4.94, ""max_drawdown_pct"": -11.84}, ""1095"": {""score"": 41.31, ""wf_positive_pct"": 50.0, ""wf_sharpe_positive_pct"": 50.0, ""wf_pf_above_1_pct"": 50.0, ""total_trades"": 245, ""total_return_pct"": -4.23, ""max_drawdown_pct"": -11.84}, ""1825"": {""score"": 39.28, ""wf_positive_pct"": 46.15, ""wf_sharpe_positive_pct"": 53.85, ""wf_pf_above_1_pct"": 53.85, ""total_trades"": 513, ""total_return_pct"": -13.74, ""max_drawdown_pct"": -18.69}}",40.94
DOGE/USDT,0.04,False,False,True,55.0,95.0,0.8,0.03,0.04,36,-7.39,-1.01,-0.1165,-11.65,46.02,0.74,113,-0.4324,3,3,33.33,33.33,33.33,-0.443,-0.67,2.02,-3.427,54,44.82,39.04,"{""365"": {""score"": 44.82, ""wf_positive_pct"": 33.33, ""wf_sharpe_positive_pct"": 33.33, ""wf_pf_above_1_pct"": 33.33, ""total_trades"": 113, ""total_return_pct"": -7.39, ""max_drawdown_pct"": -11.65}, ""1095"": {""score"": 33.15, ""wf_positive_pct"": 42.86, ""wf_sharpe_positive_pct"": 42.86, ""wf_pf_above_1_pct"": 42.86, ""total_trades"": 311, ""total_return_pct"": -7.82, ""max_drawdown_pct"": -14.5}, ""1825"": {""score"": 40.27, ""wf_positive_pct"": 46.15, ""wf_sharpe_positive_pct"": 50.0, ""wf_pf_above_1_pct"": 50.0, ""total_trades"": 691, ""total_return_pct"": -21.13, ""max_drawdown_pct"": -24.51}}",39.04
DOGE/USDT,0.08,True,True,False,55.0,85.0,0.8,0.04,0.06,36,-2.47,-0.23,-0.1051,-10.51,58.62,0.99,116,-0.0112,3,3,66.67,66.67,66.67,0.073,0.343,2.873,-3.52,43,57.84,37.14,"{""365"": {""score"": 57.84, ""wf_positive_pct"": 66.67, ""wf_sharpe_positive_pct"": 66.67, ""wf_pf_above_1_pct"": 66.67, ""total_trades"": 116, ""total_return_pct"": -2.47, ""max_drawdown_pct"": -10.51}, ""1095"": {""score"": 27.1, ""wf_positive_pct"": 33.33, ""wf_sharpe_positive_pct"": 33.33, ""wf_pf_above_1_pct"": 26.67, ""total_trades"": 403, ""total_return_pct"": -9.6, ""max_drawdown_pct"": -25.52}, ""1825"": {""score"": 34.89, ""wf_positive_pct"": 51.85, ""wf_sharpe_positive_pct"": 51.85, ""wf_pf_above_1_pct"": 40.74, ""total_trades"": 868, ""total_return_pct"": -29.84, ""max_drawdown_pct"": -38.46}}",37.14
DOGE/USDT,0.04,True,True,True,55.0,85.0,0.8,0.03,0.05,36,-3.69,-0.62,-0.0861,-8.61,48.53,0.8,68,-0.3191,3,3,33.33,33.33,33.33,-1.273,-0.877,1.75,-3.0,32,40.1,34.75,"{""365"": {""score"": 40.1, ""wf_positive_pct"": 33.33, ""wf_sharpe_positive_pct"": 33.33, ""wf_pf_above_1_pct"": 33.33, ""total_trades"": 68, ""total_return_pct"": -3.69, ""max_drawdown_pct"": -8.61}, ""1095"": {""score"": 32.78, ""wf_positive_pct"": 38.46, ""wf_sharpe_positive_pct"": 46.15, ""wf_pf_above_1_pct"": 53.85, ""total_trades"": 169, ""total_return_pct"": -9.54, ""max_drawdown_pct"": -13.25}, ""1825"": {""score"": 33.79, ""wf_positive_pct"": 42.31, ""wf_sharpe_positive_pct"": 42.31, ""wf_pf_above_1_pct"": 38.46, ""total_trades"": 350, ""total_return_pct"": -16.58, ""max_drawdown_pct"": -18.78}}",34.75
DOGE/USDT,0.06,True,False,False,55.0,85.0,0.8,0.04,0.06,36,-11.23,-0.87,-0.1982,-19.82,58.06,0.89,217,-0.2532,3,3,66.67,66.67,66.67,0.027,-0.037,1.207,-5.53,85,40.64,34.61,"{""365"": {""score"": 40.64, ""wf_positive_pct"": 66.67, ""wf_sharpe_positive_pct"": 66.67, ""wf_pf_above_1_pct"": 66.67, ""total_trades"": 217, ""total_return_pct"": -11.23, ""max_drawdown_pct"": -19.82}, ""1095"": {""score"": 32.51, ""wf_positive_pct"": 40.0, ""wf_sharpe_positive_pct"": 40.0, ""wf_pf_above_1_pct"": 46.67, ""total_trades"": 728, ""total_return_pct"": -24.49, ""max_drawdown_pct"": -37.6}, ""1825"": {""score"": 33.46, ""wf_positive_pct"": 48.15, ""wf_sharpe_positive_pct"": 48.15, ""wf_pf_above_1_pct"": 59.26, ""total_trades"": 1536, ""total_return_pct"": -64.24, ""max_drawdown_pct"": -66.9}}",34.61
DOGE/USDT,0.03,False,False,False,55.0,95.0,0.8,0.04,0.07,24,-22.49,-1.39,-0.3084,-30.84,53.38,0.84,459,-0.3232,3,3,66.67,66.67,100.0,1.04,0.527,1.187,-6.863,195,40.18,33.43,"{""365"": {""score"": 40.18, ""wf_positive_pct"": 66.67, ""wf_sharpe_positive_pct"": 66.67, ""wf_pf_above_1_pct"": 100.0, ""total_trades"": 459, ""total_return_pct"": -22.49, ""max_drawdown_pct"": -30.84}, ""1095"": {""score"": 30.15, ""wf_positive_pct"": 40.0, ""wf_sharpe_positive_pct"": 40.0, ""wf_pf_above_1_pct"": 46.67, ""total_trades"": 1480, ""total_return_pct"": -27.81, ""max_drawdown_pct"": -44.31}, ""1825"": {""score"": 32.7, ""wf_positive_pct"": 51.85, ""wf_sharpe_positive_pct"": 51.85, ""wf_pf_above_1_pct"": 62.96, ""total_trades"": 2952, ""total_return_pct"": -67.25, ""max_drawdown_pct"": -71.21}}",33.43
DOGE/USDT,0.08,True,False,False,55.0,85.0,0.8,0.03,0.04,24,-9.39,-1.06,-0.184,-18.4,53.07,0.83,179,-0.2995,3,3,33.33,33.33,33.33,-1.083,-0.563,2.553,-4.033,71,43.75,31.48,"{""365"": {""score"": 43.75, ""wf_positive_pct"": 33.33, ""wf_sharpe_positive_pct"": 33.33, ""wf_pf_above_1_pct"": 33.33, ""total_trades"": 179, ""total_return_pct"": -9.39, ""max_drawdown_pct"": -18.4}, ""1095"": {""score"": 29.95, ""wf_positive_pct"": 33.33, ""wf_sharpe_positive_pct"": 33.33, ""wf_pf_above_1_pct"": 33.33, ""total_trades"": 624, ""total_return_pct"": -25.0, ""max_drawdown_pct"": -33.48}, ""1825"": {""score"": 27.48, ""wf_positive_pct"": 40.74, ""wf_sharpe_positive_pct"": 44.44, ""wf_pf_above_1_pct"": 44.44, ""total_trades"": 1392, ""total_return_pct"": -51.69, ""max_drawdown_pct"": -55.66}}",31.48
DOGE/USDT,0.07,True,False,False,55.0,85.0,0.8,0.03,0.04,24,-15.54,-1.73,-0.2435,-24.35,49.52,0.74,210,-0.4754,3,3,33.33,33.33,33.33,-1.34,-0.883,1.873,-4.457,78,39.93,29.72,"{""365"": {""score"": 39.93, ""wf_positive_pct"": 33.33, ""wf_sharpe_positive_pct"": 33.33, ""wf_pf_above_1_pct"": 33.33, ""total_trades"": 210, ""total_return_pct"": -15.54, ""max_drawdown_pct"": -24.35}, ""1095"": {""score"": 29.28, ""wf_positive_pct"": 33.33, ""wf_sharpe_positive_pct"": 33.33, ""wf_pf_above_1_pct"": 33.33, ""total_trades"": 750, ""total_return_pct"": -32.31, ""max_drawdown_pct"": -40.63}, ""1825"": {""score"": 25.9, ""wf_positive_pct"": 37.04, ""wf_sharpe_positive_pct"": 37.04, ""wf_pf_above_1_pct"": 33.33, ""total_trades"": 1638, ""total_return_pct"": -61.59, ""max_drawdown_pct"": -64.49}}",29.72
DOGE/USDT,0.03,True,False,False,55.0,85.0,0.8,0.04,0.06,36,-19.37,-1.18,-0.2976,-29.76,55.77,0.87,407,-0.2715,3,3,66.67,66.67,66.67,1.303,0.503,1.193,-5.697,162,39.95,27.17,"{""365"": {""score"": 39.95, ""wf_positive_pct"": 66.67, ""wf_sharpe_positive_pct"": 66.67, ""wf_pf_above_1_pct"": 66.67, ""total_trades"": 407, ""total_return_pct"": -19.37, ""max_drawdown_pct"": -29.76}, ""1095"": {""score"": 26.08, ""wf_positive_pct"": 40.0, ""wf_sharpe_positive_pct"": 40.0, ""wf_pf_above_1_pct"": 46.67, ""total_trades"": 1299, ""total_return_pct"": -37.36, ""max_drawdown_pct"": -53.19}, ""1825"": {""score"": 22.72, ""wf_positive_pct"": 29.63, ""wf_sharpe_positive_pct"": 29.63, ""wf_pf_above_1_pct"": 40.74, ""total_trades"": 2518, ""total_return_pct"": -78.57, ""max_drawdown_pct"": -81.27}}",27.17
DOGE/USDT,0.04,True,False,True,65.0,95.0,0.8,0.04,0.06,12,1.23,0.3,-0.0264,-2.64,51.95,1.3,77,0.2197,3,3,33.33,33.33,33.33,-0.103,-0.11,1.44,-1.857,39,38.39,-1.0,,-1.0
DOGE/USDT,0.08,True,True,False,55.0,85.0,0.8,0.03,0.07,12,-0.99,-0.1,-0.0872,-8.72,60.77,1.04,130,0.0559,3,3,33.33,33.33,33.33,-1.117,-0.643,1.617,-2.98,53,38.19,-1.0,,-1.0
DOGE/USDT,0.06,True,True,False,55.0,85.0,0.8,0.04,0.06,36,-14.2,-1.25,-0.217,-21.7,56.32,0.81,190,-0.4512,3,3,66.67,66.67,66.67,-0.777,-0.633,1.053,-4.817,70,36.69,-1.0,,-1.0
DOGE/USDT,0.04,True,False,False,55.0,85.0,0.8,0.04,0.06,36,-22.73,-1.54,-0.296,-29.6,53.29,0.79,334,-0.4622,3,3,66.67,66.67,66.67,-0.307,-0.347,1.06,-6.093,127,36.42,-1.0,,-1.0
DOGE/USDT,0.03,True,True,False,55.0,85.0,0.8,0.04,0.06,36,-21.21,-1.43,-0.2684,-26.84,54.34,0.82,357,-0.3885,3,3,66.67,66.67,66.67,-0.783,-0.403,1.003,-5.407,132,36.34,-1.0,,-1.0
DOGE/USDT,0.05,False,True,True,55.0,95.0,0.8,0.03,0.04,24,-0.45,-0.07,-0.0528,-5.28,52.83,1.05,53,0.0575,3,3,33.33,33.33,33.33,-0.2,-0.023,1.503,-1.303,27,35.91,-1.0,,-1.0
DOGE/USDT,0.05,True,False,True,60.0,90.0,0.8,0.03,0.07,24,1.01,0.22,-0.0327,-3.27,54.24,1.26,59,0.2646,3,3,33.33,33.33,33.33,-0.28,0.083,1.33,-1.59,31,35.07,-1.0,,-1.0
DOGE/USDT,0.08,True,True,False,55.0,85.0,1.0,0.03,0.04,24,-6.64,-0.93,-0.1187,-11.87,53.54,0.82,127,-0.3096,3,3,33.33,33.33,33.33,-0.687,-0.29,1.49,-2.5,48,34.73,-1.0,,-1.0
DOGE/USDT,0.05,False,False,True,55.0,95.0,0.8,0.03,0.04,36,-3.99,-0.61,-0.0849,-8.49,46.84,0.82,79,-0.2837,3,3,33.33,33.33,33.33,-0.96,-1.05,1.46,-2.98,43,34.48,-1.0,,-1.0
DOGE/USDT,0.04,True,True,True,60.0,90.0,0.8,0.03,0.07,24,0.32,0.09,-0.0517,-5.17,54.24,1.13,59,0.1549,3,3,33.33,33.33,33.33,-0.47,-0.383,1.38,-1.813,30,34.37,-1.0,,-1.0
DOGE/USDT,0.03,True,False,True,55.0,85.0,0.8,0.02,0.04,24,-1.01,-0.13,-0.0563,-5.63,60.53,1.08,152,0.0791,3,3,33.33,33.33,66.67,0.21,0.103,1.33,-2.517,79,33.59,-1.0,,-1.0
DOGE/USDT,0.04,True,True,True,65.0,95.0,0.8,0.03,0.06,24,-1.61,-0.33,-0.0618,-6.18,51.06,0.87,47,-0.1607,3,3,33.33,33.33,33.33,-0.69,-0.553,1.4,-1.933,25,33.52,-1.0,,-1.0
DOGE/USDT,0.03,True,False,True,60.0,90.0,0.8,0.02,0.06,12,-1.06,-0.18,-0.0311,-3.11,56.82,1.06,132,0.0478,3,3,33.33,33.33,66.67,-0.15,-0.24,1.283,-1.977,66,33.1,-1.0,,-1.0
DOGE/USDT,0.08,False,False,False,55.0,95.0,0.8,0.04,0.07,24,-7.6,-0.69,-0.1834,-18.34,56.64,0.88,143,-0.2519,3,3,33.33,33.33,33.33,0.193,-0.223,1.413,-4.22,55,31.58,-1.0,,-1.0
DOGE/USDT,0.03,False,True,True,55.0,95.0,0.8,0.03,0.04,24,0.07,0.04,-0.0654,-6.54,54.03,1.1,124,0.1233,3,3,33.33,33.33,33.33,0.327,-0.097,1.227,-2.423,60,31.28,-1.0,,-1.0
DOGE/USDT,0.05,True,True,True,55.0,85.0,0.8,0.03,0.05,36,-4.93,-1.02,-0.0904,-9.04,43.18,0.6,44,-0.7421,3,3,33.33,33.33,33.33,-1.34,-1.223,1.257,-2.247,21,29.82,-1.0,,-1.0
DOGE/USDT,0.08,True,True,False,55.0,85.0,0.8,0.02,0.04,12,-3.51,-0.56,-0.0868,-8.68,63.23,0.94,155,-0.0738,3,3,33.33,33.33,33.33,-1.367,-1.067,1.177,-2.66,57,29.71,-1.0,,-1.0
DOGE/USDT,0.05,False,False,True,55.0,95.0,0.8,0.04,0.07,12,-0.88,-0.13,-0.0482,-4.82,51.81,1.05,83,0.0512,3,3,33.33,33.33,33.33,-0.343,-0.463,1.163,-1.963,45,29.61,-1.0,,-1.0
DOGE/USDT,0.05,True,False,True,65.0,95.0,0.8,0.02,0.07,36,-1.26,-0.24,-0.0466,-4.66,61.82,0.99,55,-0.0107,3,3,33.33,33.33,66.67,-0.757,-0.413,1.177,-2.2,29,29.59,-1.0,,-1.0
DOGE/USDT,0.04,True,True,True,55.0,85.0,0.8,0.04,0.05,24,-1.71,-0.28,-0.0704,-7.04,41.79,0.92,67,-0.0937,3,3,33.33,33.33,33.33,-0.573,-0.73,1.2,-2.223,31,29.53,-1.0,,-1.0
DOGE/USDT,0.08,True,False,False,65.0,95.0,0.8,0.03,0.07,36,-9.52,-0.95,-0.1716,-17.16,64.29,0.82,140,-0.3899,3,3,33.33,33.33,66.67,-0.617,-0.633,1.29,-4.777,53,29.41,-1.0,,-1.0
DOGE/USDT,0.05,True,True,True,60.0,90.0,0.8,0.03,0.07,24,0.02,0.03,-0.0388,-3.88,55.0,1.12,40,0.1288,3,3,33.33,33.33,33.33,-0.36,-0.05,1.137,-1.34,21,29.09,-1.0,,-1.0
DOGE/USDT,0.04,False,True,True,55.0,95.0,0.8,0.02,0.05,36,-4.5,-0.79,-0.0774,-7.74,60.0,0.79,85,-0.2934,3,3,33.33,33.33,33.33,-1.087,-1.0,1.14,-2.517,39,28.36,-1.0,,-1.0
DOGE/USDT,0.06,True,False,True,60.0,90.0,0.8,0.02,0.06,12,0.66,0.21,-0.0298,-2.98,56.52,1.34,46,0.2481,3,3,33.33,33.33,0.0,0.147,0.747,0.523,-0.867,25,28.3,-1.0,,-1.0
DOGE/USDT,0.05,True,False,True,65.0,95.0,0.8,0.04,0.07,36,0.15,0.05,-0.049,-4.9,50.0,1.15,52,0.2001,3,3,33.33,33.33,33.33,-0.753,-0.39,1.08,-2.96,28,27.99,-1.0,,-1.0
DOGE/USDT,0.08,True,True,False,65.0,95.0,0.8,0.03,0.07,36,-10.15,-1.06,-0.1685,-16.85,63.28,0.78,128,-0.5009,3,3,33.33,33.33,66.67,-0.68,-0.703,1.217,-4.963,51,27.89,-1.0,,-1.0
DOGE/USDT,0.03,True,False,False,55.0,85.0,0.8,0.03,0.04,24,-20.1,-1.44,-0.2523,-25.23,53.04,0.87,543,-0.2118,3,3,33.33,33.33,66.67,-0.347,-0.13,1.057,-5.46,208,27.53,-1.0,,-1.0
DOGE/USDT,0.06,True,False,False,55.0,85.0,0.8,0.03,0.04,24,-18.19,-1.75,-0.2374,-23.74,50.53,0.76,283,-0.4335,3,3,33.33,33.33,33.33,-0.91,-0.553,1.193,-4.703,108,27.42,-1.0,,-1.0
DOGE/USDT,0.04,True,False,True,65.0,95.0,0.8,0.04,0.07,36,-2.19,-0.28,-0.0709,-7.09,45.45,0.94,66,-0.0922,3,3,33.33,33.33,66.67,-0.587,-0.593,1.093,-3.587,34,27.37,-1.0,,-1.0
DOGE/USDT,0.05,True,False,True,65.0,95.0,0.8,0.04,0.06,12,0.25,0.09,-0.0302,-3.02,52.63,1.19,57,0.1523,3,3,33.33,33.33,33.33,-0.547,-0.633,1.0,-1.693,31,27.34,-1.0,,-1.0
DOGE/USDT,0.04,False,True,True,55.0,95.0,0.8,0.03,0.07,12,-1.28,-0.24,-0.0525,-5.25,51.16,1.01,86,0.0139,3,3,33.33,33.33,33.33,-0.443,-0.69,1.043,-1.877,43,27.13,-1.0,,-1.0
DOGE/USDT,0.03,False,False,True,55.0,95.0,0.8,0.04,0.07,12,-3.8,-0.48,-0.0724,-7.24,50.25,0.95,197,-0.0453,3,3,33.33,33.33,66.67,-0.387,-0.45,1.0,-2.733,97,27.1,-1.0,,-1.0
DOGE/USDT,0.04,True,True,True,65.0,95.0,0.8,0.04,0.06,12,0.13,0.06,-0.0313,-3.13,54.17,1.12,48,0.091,3,3,33.33,33.33,33.33,-0.547,-1.027,0.95,-1.673,26,26.93,-1.0,,-1.0
DOGE/USDT,0.03,True,False,True,65.0,95.0,0.8,0.04,0.07,36,-4.17,-0.51,-0.077,-7.7,46.51,0.86,86,-0.2369,3,3,33.33,33.33,33.33,-1.003,-0.753,1.067,-4.27,44,26.92,-1.0,,-1.0
DOGE/USDT,0.06,True,False,True,55.0,85.0,0.8,0.02,0.04,24,0.1,0.05,-0.0409,-4.09,66.0,1.13,50,0.1353,3,3,33.33,33.33,33.33,0.22,0.793,0.627,-1.123,24,26.6,-1.0,,-1.0
DOGE/USDT,0.04,True,True,True,60.0,90.0,0.8,0.04,0.07,12,-0.22,-0.04,-0.033,-3.3,54.84,1.07,62,0.0655,3,3,33.33,33.33,33.33,-0.663,-1.093,0.91,-1.78,32,26.52,-1.0,,-1.0
DOGE/USDT,0.05,True,True,True,55.0,85.0,0.8,0.04,0.05,24,-1.47,-0.29,-0.0588,-5.88,45.45,0.87,44,-0.1576,3,3,33.33,33.33,33.33,-0.543,-0.523,1.047,-1.53,21,26.51,-1.0,,-1.0
DOGE/USDT,0.04,True,True,True,55.0,85.0,1.0,0.02,0.07,12,-0.96,-0.28,-0.0324,-3.24,60.34,1.0,58,-0.0021,3,3,33.33,33.33,33.33,-0.577,-0.85,0.89,-1.43,30,26.48,-1.0,,-1.0
DOGE/USDT,0.04,True,True,True,60.0,90.0,1.0,0.02,0.06,12,-0.7,-0.22,-0.0295,-2.95,57.14,1.02,49,0.0141,3,3,33.33,33.33,33.33,-0.597,-0.86,0.9,-1.337,26,26.45,-1.0,,-1.0
DOGE/USDT,0.05,True,True,True,60.0,90.0,0.8,0.04,0.07,12,-0.62,-0.17,-0.0283,-2.83,50.0,1.01,40,0.0071,3,3,33.33,33.33,33.33,-0.517,-0.94,0.71,-1.25,21,26.37,-1.0,,-1.0
DOGE/USDT,0.03,False,True,True,55.0,95.0,0.8,0.03,0.07,12,-3.45,-0.55,-0.0713,-7.13,52.24,0.92,134,-0.0898,3,3,33.33,33.33,33.33,-0.647,-1.053,0.82,-2.32,65,26.34,-1.0,,-1.0
DOGE/USDT,0.03,True,False,True,65.0,95.0,0.8,0.02,0.07,36,-3.96,-0.64,-0.0759,-7.59,60.44,0.85,91,-0.1903,3,3,33.33,33.33,33.33,-0.91,-0.93,1.023,-2.9,46,26.14,-1.0,,-1.0
DOGE/USDT,0.03,True,True,True,55.0,85.0,1.0,0.02,0.04,24,-1.86,-0.4,-0.0555,-5.55,62.2,0.97,82,-0.0349,3,3,33.33,33.33,66.67,-0.46,-0.76,0.983,-1.85,39,26.14,-1.0,,-1.0
DOGE/USDT,0.03,False,False,True,55.0,95.0,0.8,0.03,0.04,36,-5.76,-0.64,-0.0953,-9.53,51.57,0.9,159,-0.159,3,3,33.33,33.33,33.33,-1.21,-0.893,0.89,-4.247,84,25.98,-1.0,,-1.0
DOGE/USDT,0.05,False,True,True,55.0,95.0,0.8,0.03,0.07,12,-1.63,-0.36,-0.0508,-5.08,50.0,0.92,54,-0.0862,3,3,33.33,33.33,33.33,-0.52,-0.673,0.783,-1.68,30,25.92,-1.0,,-1.0
DOGE/USDT,0.03,True,True,True,55.0,85.0,0.8,0.04,0.05,24,-2.46,-0.36,-0.0734,-7.34,45.65,0.9,92,-0.1339,3,3,33.33,33.33,66.67,-0.563,-0.733,0.813,-2.533,43,25.76,-1.0,,-1.0
DOGE/USDT,0.03,False,True,True,55.0,95.0,0.8,0.02,0.05,36,-4.82,-0.69,-0.0903,-9.03,63.78,0.85,127,-0.1999,3,3,33.33,33.33,33.33,-1.073,-1.09,0.837,-3.007,60,25.72,-1.0,,-1.0
DOGE/USDT,0.07,False,False,False,55.0,95.0,0.8,0.04,0.07,24,-13.8,-1.28,-0.2425,-24.25,53.8,0.77,171,-0.5213,3,3,33.33,33.33,33.33,-0.847,-0.887,1.163,-5.063,64,25.27,-1.0,,-1.0
DOGE/USDT,0.04,False,True,True,55.0,95.0,0.8,0.04,0.06,36,-3.49,-0.47,-0.083,-8.3,49.32,0.87,73,-0.21,3,3,33.33,33.33,33.33,-1.493,-1.53,0.81,-3.523,34,25.25,-1.0,,-1.0
DOGE/USDT,0.06,False,False,True,55.0,95.0,0.8,0.03,0.04,36,-2.74,-0.57,-0.0728,-7.28,50.0,0.79,44,-0.3357,3,3,33.33,33.33,0.0,-0.713,-0.257,0.23,-1.957,23,25.18,-1.0,,-1.0
DOGE/USDT,0.07,True,True,False,55.0,85.0,1.0,0.02,0.05,36,-10.17,-1.46,-0.1522,-15.22,66.24,0.76,157,-0.3909,3,3,33.33,33.33,33.33,-1.47,-1.177,1.04,-3.557,52,25.17,-1.0,,-1.0
DOGE/USDT,0.05,False,True,True,55.0,95.0,0.8,0.02,0.05,36,-3.67,-0.73,-0.0789,-7.89,60.0,0.75,55,-0.3708,3,3,33.33,33.33,33.33,-1.367,-1.43,0.813,-2.317,28,25.14,-1.0,,-1.0
DOGE/USDT,0.06,True,True,False,55.0,85.0,0.8,0.02,0.04,12,-14.53,-1.94,-0.1778,-17.78,57.2,0.75,271,-0.3355,3,3,33.33,33.33,33.33,-2.003,-1.933,0.753,-3.813,92,25.07,-1.0,,-1.0
DOGE/USDT,0.08,True,False,False,65.0,95.0,0.8,0.02,0.06,24,-6.04,-0.7,-0.1346,-13.46,70.18,0.88,171,-0.1818,3,3,33.33,33.33,33.33,-1.213,-1.08,0.88,-4.317,62,25.03,-1.0,,-1.0
DOGE/USDT,0.03,False,True,True,55.0,95.0,0.8,0.04,0.06,36,-6.4,-0.73,-0.1081,-10.81,50.45,0.82,111,-0.31,3,3,33.33,33.33,33.33,-1.87,-1.62,0.77,-4.34,53,25.03,-1.0,,-1.0
DOGE/USDT,0.03,True,True,True,55.0,85.0,0.8,0.03,0.05,36,-4.65,-0.68,-0.1019,-10.19,52.13,0.82,94,-0.2962,3,3,33.33,33.33,33.33,-1.783,-1.52,0.76,-3.607,43,24.99,-1.0,,-1.0
DOGE/USDT,0.04,True,True,True,60.0,90.0,1.0,0.03,0.04,36,-6.08,-1.36,-0.0819,-8.19,38.78,0.53,49,-0.8531,3,3,33.33,33.33,33.33,-1.63,-1.433,0.84,-2.807,27,24.98,-1.0,,-1.0
DOGE/USDT,0.06,True,False,True,55.0,85.0,0.8,0.03,0.05,36,-3.06,-0.63,-0.08,-8.0,52.5,0.75,40,-0.4405,3,3,33.33,33.33,0.0,-0.787,-0.297,0.183,-2.063,20,24.93,-1.0,,-1.0
DOGE/USDT,0.08,True,False,False,60.0,90.0,0.8,0.02,0.04,36,-10.62,-1.36,-0.1571,-15.71,63.03,0.8,211,-0.2926,3,3,33.33,33.33,33.33,-2.827,-2.45,0.66,-4.713,79,24.9,-1.0,,-1.0
DOGE/USDT,0.07,True,True,False,55.0,85.0,0.8,0.03,0.07,12,-8.46,-1.03,-0.1568,-15.68,56.63,0.83,166,-0.272,3,3,33.33,33.33,33.33,-2.097,-1.407,1.027,-4.123,63,24.89,-1.0,,-1.0
DOGE/USDT,0.07,True,True,False,55.0,85.0,1.0,0.03,0.04,24,-12.05,-1.59,-0.1744,-17.44,50.62,0.74,160,-0.4846,3,3,33.33,33.33,33.33,-1.46,-0.977,1.047,-3.39,55,24.72,-1.0,,-1.0
DOGE/USDT,0.08,True,True,False,60.0,90.0,1.0,0.02,0.07,24,-6.54,-0.86,-0.1292,-12.92,71.43,0.82,133,-0.2961,3,3,33.33,33.33,33.33,-0.733,-1.053,0.897,-3.463,48,24.71,-1.0,,-1.0
DOGE/USDT,0.07,True,True,False,55.0,85.0,0.8,0.02,0.04,12,-10.43,-1.6,-0.1597,-15.97,58.79,0.77,199,-0.3127,3,3,33.33,33.33,33.33,-2.11,-1.84,0.943,-3.597,69,24.68,-1.0,,-1.0
DOGE/USDT,0.04,True,False,False,55.0,85.0,0.8,0.03,0.04,24,-23.99,-1.93,-0.2822,-28.22,50.66,0.79,452,-0.3625,3,3,33.33,33.33,33.33,-0.967,-0.587,1.013,-5.033,164,24.67,-1.0,,-1.0
DOGE/USDT,0.07,True,False,False,60.0,90.0,0.8,0.03,0.06,12,-12.74,-1.42,-0.2142,-21.42,53.14,0.76,207,-0.4017,3,3,33.33,33.33,33.33,-1.74,-1.413,1.07,-4.89,78,24.66,-1.0,,-1.0
DOGE/USDT,0.05,False,True,True,55.0,95.0,0.8,0.04,0.06,36,-4.12,-0.68,-0.0959,-9.59,45.83,0.74,48,-0.4508,3,3,33.33,33.33,33.33,-1.377,-1.3,0.833,-2.67,24,24.58,-1.0,,-1.0
DOGE/USDT,0.08,True,True,False,65.0,95.0,0.8,0.04,0.07,24,-8.34,-0.86,-0.1644,-16.44,54.55,0.81,121,-0.387,3,3,33.33,33.33,33.33,-0.807,-0.893,1.05,-4.327,47,24.57,-1.0,,-1.0
DOGE/USDT,0.08,True,True,False,65.0,95.0,1.0,0.02,0.06,24,-7.7,-1.04,-0.1363,-13.63,66.91,0.77,136,-0.3739,3,3,33.33,33.33,33.33,-1.147,-1.163,0.82,-3.947,54,24.55,-1.0,,-1.0
DOGE/USDT,0.08,True,True,False,60.0,90.0,0.8,0.03,0.06,12,-6.59,-0.81,-0.1439,-14.39,55.03,0.84,149,-0.2473,3,3,33.33,33.33,33.33,-1.903,-1.773,0.793,-4.22,59,24.5,-1.0,,-1.0
DOGE/USDT,0.03,False,True,False,55.0,95.0,0.8,0.03,0.07,24,-23.52,-1.63,-0.2788,-27.88,58.6,0.81,442,-0.3617,3,3,33.33,33.33,33.33,-1.007,-0.547,0.977,-6.367,181,24.38,-1.0,,-1.0
DOGE/USDT,0.08,True,False,False,60.0,90.0,0.8,0.03,0.06,12,-8.26,-0.94,-0.17,-17.0,55.95,0.83,168,-0.266,3,3,33.33,33.33,33.33,-1.457,-1.3,0.993,-4.387,66,24.01,-1.0,,-1.0
DOGE/USDT,0.08,False,False,False,55.0,95.0,0.8,0.03,0.05,12,-11.68,-1.29,-0.199,-19.9,54.93,0.81,213,-0.3116,3,3,33.33,33.33,33.33,-1.597,-1.243,0.87,-4.607,91,23.76,-1.0,,-1.0
DOGE/USDT,0.07,True,True,False,60.0,90.0,0.8,0.03,0.06,12,-10.41,-1.24,-0.1831,-18.31,53.11,0.78,177,-0.3645,3,3,33.33,33.33,33.33,-2.3,-1.983,0.817,-4.797,64,23.75,-1.0,,-1.0
DOGE/USDT,0.03,True,False,False,65.0,95.0,0.8,0.02,0.06,24,-27.03,-2.39,-0.2968,-29.68,63.9,0.73,421,-0.4471,3,3,33.33,33.33,33.33,-2.833,-1.567,0.863,-6.463,159,23.62,-1.0,,-1.0
DOGE/USDT,0.05,True,False,False,55.0,85.0,0.8,0.03,0.04,24,-22.32,-1.93,-0.2749,-27.49,50.13,0.77,371,-0.4032,3,3,33.33,33.33,33.33,-2.087,-1.267,0.897,-5.377,135,23.61,-1.0,,-1.0
DOGE/USDT,0.07,True,True,False,60.0,90.0,1.0,0.02,0.07,24,-11.61,-1.42,-0.181,-18.1,66.46,0.71,158,-0.4983,3,3,33.33,33.33,33.33,-1.337,-1.367,0.803,-4.313,54,23.57,-1.0,,-1.0
DOGE/USDT,0.05,True,False,False,55.0,85.0,0.8,0.04,0.06,36,-14.86,-1.03,-0.2379,-23.79,55.83,0.88,283,-0.2704,3,3,33.33,33.33,66.67,-1.537,-0.853,0.98,-6.153,104,23.54,-1.0,,-1.0
DOGE/USDT,0.06,True,False,False,60.0,90.0,0.8,0.03,0.06,12,-17.4,-1.74,-0.2377,-23.77,50.54,0.74,279,-0.4161,3,3,33.33,33.33,33.33,-1.997,-1.413,0.843,-5.567,112,23.5,-1.0,,-1.0
DOGE/USDT,0.08,False,True,False,55.0,95.0,0.8,0.04,0.07,12,-9.74,-1.12,-0.1814,-18.14,50.33,0.75,151,-0.415,3,3,33.33,33.33,33.33,-3.157,-2.55,0.557,-5.31,63,23.47,-1.0,,-1.0
DOGE/USDT,0.06,True,True,False,55.0,85.0,1.0,0.03,0.04,24,-17.38,-2.05,-0.214,-21.4,48.58,0.69,212,-0.5769,3,3,33.33,33.33,33.33,-1.79,-1.423,0.79,-3.967,72,23.32,-1.0,,-1.0
DOGE/USDT,0.08,True,True,False,60.0,90.0,0.8,0.04,0.05,36,-12.62,-1.35,-0.1828,-18.28,49.3,0.76,142,-0.5525,3,3,33.33,33.33,33.33,-2.403,-1.907,0.743,-5.053,55,23.32,-1.0,,-1.0
DOGE/USDT,0.08,False,True,False,55.0,95.0,0.8,0.03,0.07,24,-9.23,-0.97,-0.1827,-18.27,58.57,0.81,140,-0.3681,3,3,33.33,33.33,33.33,-1.203,-1.107,0.983,-4.557,52,23.3,-1.0,,-1.0
DOGE/USDT,0.07,True,True,False,65.0,95.0,1.0,0.02,0.06,24,-13.11,-1.64,-0.1915,-19.15,62.42,0.66,157,-0.5937,3,3,33.33,33.33,33.33,-2.337,-1.987,0.613,-5.22,59,23.27,-1.0,,-1.0
DOGE/USDT,0.07,True,False,False,65.0,95.0,0.8,0.02,0.06,24,-15.31,-1.79,-0.2129,-21.29,62.63,0.67,190,-0.5621,3,3,33.33,33.33,33.33,-2.51,-2.037,0.68,-5.597,67,23.08,-1.0,,-1.0
DOGE/USDT,0.07,False,True,False,55.0,95.0,0.8,0.04,0.07,12,-13.23,-1.41,-0.2237,-22.37,50.26,0.74,191,-0.4447,3,3,33.33,33.33,33.33,-3.347,-2.627,0.603,-5.887,75,22.79,-1.0,,-1.0
DOGE/USDT,0.07,False,False,False,55.0,95.0,0.8,0.03,0.05,12,-17.55,-1.91,-0.2555,-25.55,51.95,0.72,256,-0.4745,3,3,33.33,33.33,33.33,-2.22,-1.76,0.803,-5.357,100,22.71,-1.0,,-1.0
DOGE/USDT,0.06,False,False,False,55.0,95.0,0.8,0.04,0.07,24,-16.88,-1.38,-0.2521,-25.21,53.88,0.79,232,-0.4685,3,3,33.33,33.33,66.67,-0.723,-0.56,0.97,-5.893,95,22.51,-1.0,,-1.0
DOGE/USDT,0.07,True,True,False,60.0,90.0,0.8,0.04,0.05,36,-16.56,-1.7,-0.2265,-22.65,48.82,0.71,170,-0.6827,3,3,33.33,33.33,33.33,-2.557,-1.827,0.74,-5.527,63,22.45,-1.0,,-1.0
DOGE/USDT,0.07,True,True,False,65.0,95.0,0.8,0.04,0.07,24,-13.82,-1.41,-0.2152,-21.52,52.11,0.72,142,-0.645,3,3,33.33,33.33,33.33,-1.947,-1.58,0.87,-5.457,54,22.41,-1.0,,-1.0
DOGE/USDT,0.07,False,True,False,55.0,95.0,0.8,0.03,0.07,24,-14.65,-1.5,-0.2412,-24.12,57.23,0.73,173,-0.5636,3,3,33.33,33.33,33.33,-1.99,-1.613,0.943,-5.603,65,22.07,-1.0,,-1.0
DOGE/USDT,0.04,True,True,False,55.0,85.0,0.8,0.04,0.06,36,-25.22,-1.9,-0.2958,-29.58,51.88,0.72,293,-0.642,3,3,33.33,66.67,66.67,-2.087,-1.307,0.827,-5.937,104,22.05,-1.0,,-1.0
DOGE/USDT,0.05,True,True,False,55.0,85.0,0.8,0.04,0.06,36,-20.46,-1.63,-0.28,-28.0,53.04,0.76,247,-0.5601,3,3,33.33,33.33,33.33,-2.45,-1.613,0.78,-5.817,85,21.91,-1.0,,-1.0
DOGE/USDT,0.07,True,False,False,65.0,95.0,0.8,0.03,0.07,36,-17.45,-1.75,-0.2443,-24.43,61.39,0.67,158,-0.7958,3,3,33.33,33.33,33.33,-2.103,-1.587,0.92,-6.103,59,21.8,-1.0,,-1.0
DOGE/USDT,0.07,True,True,False,65.0,95.0,0.8,0.03,0.07,36,-17.83,-1.84,-0.2413,-24.13,60.4,0.65,149,-0.8882,3,3,33.33,33.33,33.33,-2.08,-1.523,0.91,-6.27,58,21.77,-1.0,,-1.0
DOGE/USDT,0.06,True,True,False,60.0,90.0,0.8,0.04,0.05,36,-22.41,-2.08,-0.2797,-27.97,48.42,0.68,221,-0.7521,3,3,33.33,33.33,33.33,-2.783,-1.847,0.73,-6.25,82,21.6,-1.0,,-1.0
DOGE/USDT,0.04,False,False,False,55.0,95.0,0.8,0.04,0.07,24,-27.88,-2.0,-0.3476,-34.76,49.44,0.73,356,-0.5994,3,3,33.33,66.67,66.67,-1.183,-0.68,0.957,-6.637,139,21.38,-1.0,,-1.0
DOGE/USDT,0.03,True,False,True,65.0,95.0,0.8,0.04,0.06,12,-0.9,-0.16,-0.0349,-3.49,53.54,1.05,99,0.0402,3,3,0.0,0.0,33.33,-0.587,-0.69,0.883,-2.4,51,14.26,-1.0,,-1.0
DOGE/USDT,0.03,True,False,True,60.0,90.0,0.8,0.03,0.07,24,-1.94,-0.24,-0.0526,-5.26,53.27,1.0,107,0.0033,3,3,0.0,0.0,0.0,-0.863,-0.74,0.883,-3.07,55,13.86,-1.0,,-1.0
DOGE/USDT,0.03,True,True,True,60.0,90.0,0.8,0.04,0.07,12,-2.36,-0.49,-0.0504,-5.04,54.65,0.88,86,-0.1225,3,3,0.0,0.0,0.0,-1.03,-1.503,0.657,-2.213,40,13.66,-1.0,,-1.0
DOGE/USDT,0.03,False,True,False,55.0,95.0,0.8,0.04,0.07,12,-21.93,-1.64,-0.2491,-24.91,51.51,0.82,530,-0.2514,3,3,0.0,0.0,0.0,-3.543,-2.023,0.767,-6.433,209,13.65,-1.0,,-1.0
DOGE/USDT,0.03,True,True,True,65.0,95.0,0.8,0.04,0.06,12,-1.37,-0.33,-0.0439,-4.39,55.22,0.93,67,-0.0586,3,3,0.0,0.0,0.0,-1.13,-1.783,0.52,-2.293,32,13.61,-1.0,,-1.0
DOGE/USDT,0.03,True,True,True,65.0,95.0,1.0,0.02,0.05,12,-2.03,-0.66,-0.0375,-3.75,54.72,0.8,53,-0.1827,3,3,0.0,0.0,0.0,-1.017,-1.813,0.493,-1.617,27,13.61,-1.0,,-1.0
DOGE/USDT,0.03,True,True,False,55.0,85.0,0.8,0.03,0.07,12,-20.17,-1.7,-0.2237,-22.37,54.82,0.81,467,-0.2708,3,3,0.0,0.0,0.0,-2.647,-1.683,0.787,-5.243,170,13.57,-1.0,,-1.0
DOGE/USDT,0.03,True,True,True,60.0,90.0,1.0,0.02,0.06,12,-3.04,-0.85,-0.0492,-4.92,56.52,0.79,69,-0.2266,3,3,0.0,0.0,0.0,-1.053,-1.773,0.533,-1.733,32,13.48,-1.0,,-1.0
DOGE/USDT,0.03,True,True,True,55.0,85.0,1.0,0.02,0.07,12,-3.32,-0.8,-0.0563,-5.63,60.98,0.81,82,-0.2064,3,3,0.0,0.0,33.33,-0.817,-1.277,0.73,-1.83,40,13.45,-1.0,,-1.0
DOGE/USDT,0.03,False,False,False,55.0,95.0,0.8,0.02,0.04,12,-34.97,-2.97,-0.3804,-38.04,55.62,0.77,863,-0.2829,3,3,0.0,0.0,0.0,-3.433,-1.86,0.863,-7.03,335,13.35,-1.0,,-1.0
DOGE/USDT,0.03,False,True,False,55.0,95.0,1.0,0.02,0.06,12,-24.21,-2.25,-0.2614,-26.14,59.89,0.78,531,-0.2938,3,3,0.0,0.0,0.0,-3.827,-2.45,0.723,-6.24,196,13.32,-1.0,,-1.0
DOGE/USDT,0.03,False,False,False,55.0,95.0,0.8,0.03,0.05,12,-31.56,-2.4,-0.3565,-35.65,51.7,0.78,737,-0.3049,3,3,0.0,0.0,66.67,-1.72,-0.94,0.957,-6.117,291,13.23,-1.0,,-1.0
DOGE/USDT,0.03,True,True,False,60.0,90.0,0.8,0.03,0.06,12,-20.15,-1.78,-0.2262,-22.62,53.72,0.79,443,-0.2979,3,3,0.0,0.0,0.0,-3.203,-2.033,0.737,-5.533,161,13.2,-1.0,,-1.0
DOGE/USDT,0.03,True,False,True,55.0,85.0,0.8,0.03,0.05,36,-4.92,-0.57,-0.0885,-8.85,54.55,0.9,132,-0.1616,3,3,0.0,33.33,66.67,-1.153,-0.87,0.87,-4.067,70,13.17,-1.0,,-1.0
DOGE/USDT,0.03,True,True,True,60.0,90.0,0.8,0.03,0.07,24,-1.88,-0.3,-0.0658,-6.58,55.0,0.94,80,-0.0872,3,3,0.0,0.0,33.33,-1.127,-1.27,0.687,-2.623,38,13.16,-1.0,,-1.0
DOGE/USDT,0.03,True,False,False,60.0,90.0,0.8,0.03,0.06,12,-25.29,-2.09,-0.2792,-27.92,52.42,0.77,538,-0.3336,3,3,0.0,0.0,33.33,-2.413,-1.337,0.863,-6.15,209,12.91,-1.0,,-1.0
DOGE/USDT,0.03,True,True,True,65.0,95.0,0.8,0.03,0.06,24,-3.77,-0.71,-0.0713,-7.13,51.56,0.77,64,-0.3584,3,3,0.0,0.0,33.33,-1.28,-1.447,0.59,-2.677,31,12.8,-1.0,,-1.0
DOGE/USDT,0.04,False,True,False,55.0,95.0,1.0,0.02,0.06,12,-20.47,-2.06,-0.2334,-23.34,59.0,0.77,422,-0.3067,3,3,0.0,0.0,0.0,-4.523,-3.3,0.55,-6.09,149,12.74,-1.0,,-1.0
DOGE/USDT,0.08,False,False,False,55.0,95.0,0.8,0.02,0.04,12,-10.62,-1.34,-0.1618,-16.18,60.7,0.83,257,-0.2257,3,3,0.0,0.0,33.33,-2.633,-2.313,0.67,-4.79,108,12.68,-1.0,,-1.0
DOGE/USDT,0.04,False,False,False,55.0,95.0,0.8,0.02,0.04,12,-32.91,-3.02,-0.357,-35.7,54.97,0.73,684,-0.3497,3,3,0.0,0.0,0.0,-4.183,-2.507,0.733,-7.13,256,12.55,-1.0,,-1.0
DOGE/USDT,0.03,True,True,False,55.0,85.0,1.0,0.03,0.04,24,-22.64,-2.0,-0.2399,-23.99,51.68,0.78,416,-0.3823,3,3,0.0,0.0,0.0,-1.543,-0.94,0.887,-5.02,143,12.48,-1.0,,-1.0
DOGE/USDT,0.03,True,True,True,65.0,95.0,1.0,0.02,0.07,36,-5.39,-1.16,-0.0823,-8.23,58.82,0.63,51,-0.6295,3,3,0.0,0.0,0.0,-2.203,-2.693,0.427,-3.043,26,12.33,-1.0,,-1.0
DOGE/USDT,0.04,True,True,False,60.0,90.0,0.8,0.03,0.06,12,-20.52,-1.93,-0.2274,-22.74,50.67,0.75,371,-0.3709,3,3,0.0,0.0,0.0,-3.42,-2.373,0.64,-5.713,133,12.27,-1.0,,-1.0
DOGE/USDT,0.04,True,True,False,55.0,85.0,0.8,0.03,0.07,12,-20.88,-1.92,-0.2343,-23.43,52.38,0.76,378,-0.3549,3,3,0.0,0.0,0.0,-2.737,-1.95,0.707,-5.367,135,12.16,-1.0,,-1.0
DOGE/USDT,0.03,True,True,True,60.0,90.0,1.0,0.03,0.04,36,-7.7,-1.53,-0.0976,-9.76,41.18,0.57,68,-0.7892,3,3,0.0,0.0,0.0,-2.173,-2.333,0.477,-3.193,33,12.12,-1.0,,-1.0
DOGE/USDT,0.08,True,True,False,60.0,90.0,1.0,0.02,0.04,36,-10.66,-1.67,-0.1368,-13.68,60.13,0.71,153,-0.4532,3,3,0.0,0.0,0.0,-2.053,-2.477,0.633,-3.517,57,12.08,-1.0,,-1.0
DOGE/USDT,0.04,False,True,False,55.0,95.0,0.8,0.04,0.07,12,-23.84,-1.96,-0.2641,-26.41,48.47,0.75,425,-0.3741,3,3,0.0,0.0,0.0,-4.12,-2.6,0.623,-6.303,161,11.92,-1.0,,-1.0
DOGE/USDT,0.04,True,False,False,60.0,90.0,0.8,0.03,0.06,12,-23.69,-2.05,-0.277,-27.7,50.22,0.75,452,-0.3756,3,3,0.0,0.0,0.0,-2.547,-1.587,0.787,-6.117,169,11.89,-1.0,,-1.0
DOGE/USDT,0.04,False,False,False,55.0,95.0,0.8,0.03,0.05,12,-28.91,-2.33,-0.3367,-33.67,50.69,0.76,580,-0.365,3,3,0.0,0.0,33.33,-2.407,-1.413,0.84,-6.157,218,11.82,-1.0,,-1.0
DOGE/USDT,0.08,False,True,False,55.0,95.0,1.0,0.02,0.06,12,-9.72,-1.38,-0.1527,-15.27,63.35,0.75,161,-0.3792,3,3,0.0,0.0,33.33,-2.333,-2.18,0.65,-4.173,66,11.74,-1.0,,-1.0
DOGE/USDT,0.08,True,True,False,65.0,95.0,1.0,0.03,0.05,12,-9.41,-1.31,-0.1487,-14.87,52.78,0.76,144,-0.3921,3,3,0.0,0.0,33.33,-2.057,-2.043,0.623,-3.983,62,11.64,-1.0,,-1.0
DOGE/USDT,0.03,True,False,False,60.0,90.0,0.8,0.02,0.04,36,-32.38,-2.9,-0.3429,-34.29,60.21,0.73,573,-0.4126,3,3,0.0,0.0,33.33,-2.85,-1.703,0.88,-6.693,212,11.56,-1.0,,-1.0
DOGE/USDT,0.03,True,True,False,55.0,85.0,1.0,0.02,0.05,36,-25.17,-2.36,-0.2724,-27.24,64.73,0.75,414,-0.4122,3,3,0.0,0.0,0.0,-2.293,-1.53,0.807,-4.92,137,11.55,-1.0,,-1.0
DOGE/USDT,0.04,True,True,False,55.0,85.0,1.0,0.03,0.04,24,-22.59,-2.15,-0.2428,-24.28,49.86,0.74,347,-0.4627,3,3,0.0,0.0,0.0,-2.807,-2.0,0.683,-5.113,116,11.54,-1.0,,-1.0
DOGE/USDT,0.05,True,True,False,55.0,85.0,0.8,0.03,0.07,12,-17.03,-1.68,-0.2248,-22.48,51.99,0.76,302,-0.3796,3,3,0.0,0.0,0.0,-2.413,-1.893,0.69,-5.023,107,11.48,-1.0,,-1.0
DOGE/USDT,0.05,False,True,False,55.0,95.0,1.0,0.02,0.06,12,-19.6,-2.11,-0.2406,-24.06,58.63,0.73,336,-0.3844,3,3,0.0,0.0,0.0,-4.147,-3.09,0.55,-6.23,124,11.46,-1.0,,-1.0
DOGE/USDT,0.06,True,True,False,55.0,85.0,0.8,0.03,0.07,12,-12.9,-1.39,-0.1912,-19.12,52.23,0.77,224,-0.3584,3,3,0.0,0.0,33.33,-2.31,-1.863,0.69,-4.517,84,11.45,-1.0,,-1.0
DOGE/USDT,0.03,True,False,False,65.0,95.0,0.8,0.03,0.07,36,-21.45,-1.51,-0.2452,-24.52,60.41,0.79,341,-0.4369,3,3,0.0,0.0,33.33,-2.68,-1.25,0.867,-7.167,140,11.4,-1.0,,-1.0
DOGE/USDT,0.03,False,True,False,55.0,95.0,1.0,0.03,0.04,36,-28.83,-2.31,-0.3131,-31.31,50.92,0.76,489,-0.4438,3,3,0.0,0.0,33.33,-2.733,-1.557,0.827,-6.553,182,11.35,-1.0,,-1.0
DOGE/USDT,0.05,False,False,False,55.0,95.0,0.8,0.03,0.05,12,-24.44,-2.13,-0.3006,-30.06,50.33,0.76,455,-0.3818,3,3,0.0,0.0,0.0,-2.7,-1.653,0.787,-6.227,178,11.27,-1.0,,-1.0
DOGE/USDT,0.04,True,True,False,65.0,95.0,1.0,0.03,0.05,12,-21.34,-2.34,-0.2309,-23.09,48.16,0.68,299,-0.5045,3,3,0.0,0.0,0.0,-3.743,-2.767,0.603,-5.383,118,11.27,-1.0,,-1.0
DOGE/USDT,0.05,True,True,False,60.0,90.0,0.8,0.03,0.06,12,-17.71,-1.78,-0.2324,-23.24,50.33,0.75,300,-0.4029,3,3,0.0,0.0,0.0,-2.457,-1.837,0.69,-5.183,106,11.24,-1.0,,-1.0
DOGE/USDT,0.06,True,True,False,55.0,85.0,1.0,0.02,0.05,36,-16.5,-2.07,-0.1928,-19.28,64.39,0.68,205,-0.5521,3,3,0.0,0.0,0.0,-2.337,-2.123,0.647,-4.157,66,11.16,-1.0,,-1.0
DOGE/USDT,0.04,True,True,False,55.0,85.0,1.0,0.02,0.05,36,-23.9,-2.46,-0.2572,-25.72,63.74,0.71,342,-0.4865,3,3,0.0,0.0,0.0,-3.047,-2.247,0.66,-5.29,110,11.07,-1.0,,-1.0
DOGE/USDT,0.05,True,False,False,60.0,90.0,0.8,0.03,0.06,12,-20.49,-1.89,-0.2688,-26.88,50.27,0.75,366,-0.3882,3,3,0.0,0.0,0.0,-2.767,-1.823,0.747,-6.227,137,11.05,-1.0,,-1.0
DOGE/USDT,0.03,True,True,False,60.0,90.0,1.0,0.02,0.04,36,-28.71,-2.97,-0.3015,-30.15,59.4,0.7,436,-0.4795,3,3,0.0,0.0,33.33,-3.84,-2.78,0.72,-6.49,154,11.01,-1.0,,-1.0
DOGE/USDT,0.06,True,True,False,60.0,90.0,0.8,0.03,0.06,12,-15.21,-1.64,-0.2086,-20.86,50.66,0.72,227,-0.4573,3,3,0.0,0.0,33.33,-2.353,-1.907,0.68,-4.823,86,11.0,-1.0,,-1.0
DOGE/USDT,0.07,False,False,False,55.0,95.0,0.8,0.02,0.04,12,-19.46,-2.39,-0.2478,-24.78,55.52,0.69,308,-0.4368,3,3,0.0,0.0,33.33,-3.177,-2.777,0.637,-5.527,118,10.91,-1.0,,-1.0
DOGE/USDT,0.03,True,True,False,65.0,95.0,1.0,0.03,0.05,12,-25.35,-2.7,-0.2659,-26.59,48.99,0.66,347,-0.5398,3,3,0.0,0.0,0.0,-3.973,-2.82,0.627,-5.603,136,10.89,-1.0,,-1.0
DOGE/USDT,0.08,False,True,False,55.0,95.0,1.0,0.03,0.04,36,-13.53,-1.72,-0.1857,-18.57,49.7,0.71,167,-0.5747,3,3,0.0,0.0,33.33,-2.34,-2.153,0.64,-4.703,71,10.89,-1.0,,-1.0
DOGE/USDT,0.07,False,True,False,55.0,95.0,1.0,0.02,0.06,12,-14.37,-1.89,-0.2009,-20.09,61.0,0.7,200,-0.4672,3,3,0.0,0.0,0.0,-2.823,-2.533,0.607,-4.76,75,10.87,-1.0,,-1.0
DOGE/USDT,0.04,True,False,False,60.0,90.0,0.8,0.02,0.04,36,-31.9,-3.04,-0.3333,-33.33,58.99,0.7,495,-0.478,3,3,0.0,0.0,33.33,-3.653,-2.34,0.763,-6.907,175,10.86,-1.0,,-1.0
DOGE/USDT,0.07,True,True,False,60.0,90.0,1.0,0.02,0.04,36,-16.45,-2.37,-0.1975,-19.75,57.45,0.63,188,-0.6212,3,3,0.0,0.0,0.0,-2.613,-2.86,0.567,-4.257,66,10.82,-1.0,,-1.0
DOGE/USDT,0.04,False,True,False,55.0,95.0,1.0,0.03,0.04,36,-27.48,-2.4,-0.2951,-29.51,50.0,0.73,404,-0.5052,3,3,0.0,0.0,0.0,-4.43,-2.757,0.66,-6.93,146,10.79,-1.0,,-1.0
DOGE/USDT,0.07,True,True,False,65.0,95.0,1.0,0.03,0.05,12,-13.81,-1.85,-0.1943,-19.43,50.88,0.7,171,-0.5089,3,3,0.0,0.0,0.0,-2.72,-2.543,0.573,-4.733,68,10.7,-1.0,,-1.0
DOGE/USDT,0.05,False,True,False,55.0,95.0,0.8,0.04,0.07,12,-21.42,-1.89,-0.2704,-27.04,48.82,0.74,340,-0.433,3,3,0.0,0.0,0.0,-3.74,-2.513,0.597,-6.17,130,10.68,-1.0,,-1.0
DOGE/USDT,0.05,True,True,False,55.0,85.0,1.0,0.03,0.04,24,-21.32,-2.22,-0.2458,-24.58,48.94,0.71,284,-0.5355,3,3,0.0,0.0,0.0,-2.997,-2.253,0.64,-4.93,95,10.67,-1.0,,-1.0
DOGE/USDT,0.07,True,False,False,60.0,90.0,0.8,0.02,0.04,36,-18.64,-2.34,-0.23,-23.0,58.94,0.67,246,-0.5286,3,3,0.0,33.33,33.33,-3.163,-2.773,0.637,-5.393,87,10.64,-1.0,,-1.0
DOGE/USDT,0.03,True,True,False,65.0,95.0,1.0,0.02,0.06,24,-24.47,-2.39,-0.2699,-26.99,63.75,0.69,331,-0.5207,3,3,0.0,0.0,0.0,-3.713,-2.317,0.683,-6.46,125,10.58,-1.0,,-1.0
DOGE/USDT,0.06,False,True,False,55.0,95.0,1.0,0.02,0.06,12,-20.06,-2.39,-0.2394,-23.94,57.59,0.64,257,-0.5643,3,3,0.0,0.0,0.0,-3.98,-3.197,0.513,-5.813,96,10.51,-1.0,,-1.0
DOGE/USDT,0.03,True,True,False,60.0,90.0,1.0,0.02,0.07,24,-26.16,-2.36,-0.2904,-29.04,66.22,0.71,370,-0.4969,3,3,0.0,0.0,0.0,-3.173,-1.923,0.757,-6.087,135,10.49,-1.0,,-1.0
DOGE/USDT,0.04,True,True,False,60.0,90.0,1.0,0.02,0.04,36,-28.01,-3.1,-0.2936,-29.36,58.18,0.66,373,-0.5544,3,3,0.0,0.0,0.0,-4.483,-3.37,0.603,-6.88,130,10.44,-1.0,,-1.0
DOGE/USDT,0.03,True,True,False,65.0,95.0,0.8,0.03,0.07,36,-23.93,-1.79,-0.266,-26.6,59.16,0.74,311,-0.5626,3,3,0.0,0.0,0.0,-4.103,-2.02,0.723,-7.19,125,10.44,-1.0,,-1.0
DOGE/USDT,0.06,True,True,False,60.0,90.0,1.0,0.02,0.07,24,-18.44,-2.12,-0.2139,-21.39,61.66,0.63,193,-0.6884,3,3,0.0,0.0,0.0,-2.367,-1.883,0.657,-4.553,67,10.42,-1.0,,-1.0
DOGE/USDT,0.05,True,True,False,55.0,85.0,1.0,0.02,0.05,36,-23.16,-2.65,-0.2504,-25.04,62.41,0.65,274,-0.6165,3,3,0.0,0.0,0.0,-3.393,-2.777,0.577,-5.137,89,10.41,-1.0,,-1.0
DOGE/USDT,0.06,False,False,False,55.0,95.0,0.8,0.03,0.05,12,-21.95,-2.16,-0.2801,-28.01,49.55,0.71,337,-0.4666,3,3,0.0,0.0,33.33,-2.247,-1.55,0.787,-5.567,135,10.37,-1.0,,-1.0
DOGE/USDT,0.05,True,True,False,65.0,95.0,1.0,0.03,0.05,12,-20.69,-2.42,-0.2433,-24.33,45.85,0.64,253,-0.6019,3,3,0.0,0.0,0.0,-3.853,-3.033,0.55,-5.587,102,10.35,-1.0,,-1.0
DOGE/USDT,0.04,True,True,False,60.0,90.0,1.0,0.02,0.07,24,-23.59,-2.3,-0.2707,-27.07,65.59,0.69,311,-0.5378,3,3,0.0,0.0,0.0,-3.413,-2.29,0.64,-6.163,109,10.31,-1.0,,-1.0
DOGE/USDT,0.04,True,True,False,65.0,95.0,1.0,0.02,0.06,24,-22.39,-2.31,-0.2601,-26.01,62.86,0.66,280,-0.5936,3,3,0.0,0.0,0.0,-3.823,-2.577,0.603,-6.41,106,10.22,-1.0,,-1.0
DOGE/USDT,0.03,True,True,False,65.0,95.0,0.8,0.04,0.07,24,-24.36,-1.86,-0.2768,-27.68,50.32,0.72,314,-0.588,3,3,0.0,0.0,0.0,-4.06,-2.05,0.69,-6.94,125,10.17,-1.0,,-1.0
DOGE/USDT,0.04,False,True,False,55.0,95.0,0.8,0.03,0.07,24,-25.14,-1.96,-0.2965,-29.65,57.14,0.74,350,-0.5095,3,3,0.0,0.0,33.33,-2.78,-1.607,0.787,-6.303,132,10.07,-1.0,,-1.0
DOGE/USDT,0.06,False,True,False,55.0,95.0,0.8,0.04,0.07,12,-19.24,-1.87,-0.2569,-25.69,48.43,0.69,254,-0.5341,3,3,0.0,0.0,0.0,-3.53,-2.56,0.58,-5.703,102,9.98,-1.0,,-1.0
DOGE/USDT,0.06,True,False,False,60.0,90.0,0.8,0.02,0.04,36,-26.53,-3.02,-0.289,-28.9,57.89,0.64,323,-0.6035,3,3,0.0,0.0,0.0,-3.917,-3.043,0.623,-6.407,119,9.95,-1.0,,-1.0
DOGE/USDT,0.06,True,True,False,60.0,90.0,1.0,0.02,0.04,36,-23.4,-3.08,-0.2531,-25.31,55.83,0.58,240,-0.7284,3,3,0.0,0.0,0.0,-3.8,-3.49,0.507,-5.6,84,9.91,-1.0,,-1.0
DOGE/USDT,0.05,True,False,False,60.0,90.0,0.8,0.02,0.04,36,-31.0,-3.19,-0.3318,-33.18,58.15,0.66,411,-0.5631,3,3,0.0,0.0,0.0,-4.61,-3.237,0.63,-7.057,144,9.85,-1.0,,-1.0
DOGE/USDT,0.04,True,True,False,65.0,95.0,0.8,0.03,0.07,36,-22.21,-1.76,-0.2686,-26.86,59.85,0.73,269,-0.5924,3,3,0.0,0.0,0.0,-4.0,-2.253,0.697,-7.473,106,9.84,-1.0,,-1.0
DOGE/USDT,0.04,True,False,False,65.0,95.0,0.8,0.03,0.07,36,-22.44,-1.69,-0.2827,-28.27,58.92,0.75,297,-0.5371,3,3,0.0,0.0,0.0,-2.977,-1.613,0.807,-7.26,117,9.8,-1.0,,-1.0
DOGE/USDT,0.07,False,True,False,55.0,95.0,1.0,0.03,0.04,36,-18.45,-2.19,-0.2443,-24.43,48.78,0.67,205,-0.665,3,3,0.0,0.0,33.33,-2.993,-2.507,0.613,-5.593,80,9.72,-1.0,,-1.0
DOGE/USDT,0.06,True,True,False,65.0,95.0,1.0,0.03,0.05,12,-20.85,-2.58,-0.2509,-25.09,45.83,0.6,216,-0.7224,3,3,0.0,0.0,0.0,-3.723,-3.157,0.49,-5.723,84,9.67,-1.0,,-1.0
DOGE/USDT,0.05,True,False,False,65.0,95.0,0.8,0.02,0.06,24,-24.26,-2.39,-0.2902,-29.02,61.92,0.67,302,-0.5704,3,3,0.0,0.0,0.0,-3.207,-2.093,0.68,-6.353,111,9.65,-1.0,,-1.0
DOGE/USDT,0.04,True,False,False,65.0,95.0,0.8,0.02,0.06,24,-28.82,-2.69,-0.3155,-31.55,61.73,0.65,358,-0.6129,3,3,0.0,0.0,33.33,-2.877,-1.75,0.773,-6.307,130,9.64,-1.0,,-1.0
DOGE/USDT,0.05,True,True,False,60.0,90.0,1.0,0.02,0.07,24,-23.81,-2.52,-0.2702,-27.02,63.64,0.62,253,-0.7155,3,3,0.0,0.0,0.0,-3.5,-2.367,0.59,-5.927,89,9.6,-1.0,,-1.0
DOGE/USDT,0.05,False,False,False,55.0,95.0,0.8,0.04,0.07,24,-20.21,-1.46,-0.292,-29.2,52.49,0.79,301,-0.4303,3,3,0.0,0.0,33.33,-2.197,-1.22,0.837,-6.493,116,9.59,-1.0,,-1.0
DOGE/USDT,0.03,True,True,False,60.0,90.0,0.8,0.04,0.05,36,-30.52,-2.29,-0.3367,-33.67,48.35,0.73,395,-0.6129,3,3,0.0,0.0,0.0,-3.033,-1.51,0.82,-6.82,147,9.51,-1.0,,-1.0
DOGE/USDT,0.06,True,False,False,65.0,95.0,0.8,0.02,0.06,24,-23.46,-2.51,-0.2701,-27.01,59.35,0.61,246,-0.7173,3,3,0.0,0.0,0.0,-3.25,-2.33,0.617,-6.117,94,9.51,-1.0,,-1.0
DOGE/USDT,0.05,False,True,False,55.0,95.0,1.0,0.03,0.04,36,-27.72,-2.68,-0.3106,-31.06,48.66,0.68,335,-0.6327,3,3,0.0,0.0,0.0,-4.91,-3.193,0.593,-7.377,126,9.49,-1.0,,-1.0
DOGE/USDT,0.06,True,True,False,65.0,95.0,0.8,0.04,0.07,24,-18.96,-1.8,-0.2414,-24.14,50.56,0.66,180,-0.7806,3,3,0.0,0.0,33.33,-2.823,-1.937,0.653,-5.85,74,9.49,-1.0,,-1.0
DOGE/USDT,0.05,True,True,False,60.0,90.0,1.0,0.02,0.04,36,-28.06,-3.39,-0.3002,-30.02,56.17,0.6,308,-0.696,3,3,0.0,0.0,0.0,-4.78,-3.82,0.523,-6.793,108,9.44,-1.0,,-1.0
DOGE/USDT,0.06,True,True,False,65.0,95.0,1.0,0.02,0.06,24,-22.82,-2.67,-0.2537,-25.37,56.78,0.54,199,-0.9009,3,3,0.0,0.0,0.0,-3.697,-2.823,0.483,-6.01,74,9.38,-1.0,,-1.0
DOGE/USDT,0.04,True,True,False,65.0,95.0,0.8,0.04,0.07,24,-24.23,-2.0,-0.2829,-28.29,49.81,0.68,263,-0.7037,3,3,0.0,0.0,0.0,-4.267,-2.4,0.603,-6.943,103,9.37,-1.0,,-1.0
DOGE/USDT,0.04,True,True,False,60.0,90.0,0.8,0.04,0.05,36,-29.65,-2.37,-0.3163,-31.63,46.99,0.69,332,-0.7052,3,3,0.0,0.0,0.0,-3.507,-1.997,0.723,-6.93,120,9.29,-1.0,,-1.0
DOGE/USDT,0.05,False,True,False,55.0,95.0,0.8,0.03,0.07,24,-23.28,-1.95,-0.2989,-29.89,57.53,0.72,292,-0.5881,3,3,0.0,0.0,0.0,-3.117,-1.867,0.713,-6.223,109,9.28,-1.0,,-1.0
DOGE/USDT,0.05,True,True,False,65.0,95.0,1.0,0.02,0.06,24,-24.07,-2.65,-0.2742,-27.42,59.75,0.58,236,-0.7879,3,3,0.0,0.0,0.0,-4.023,-2.823,0.533,-6.53,90,9.27,-1.0,,-1.0
DOGE/USDT,0.06,False,True,False,55.0,95.0,1.0,0.03,0.04,36,-25.11,-2.73,-0.2902,-29.02,47.69,0.63,260,-0.7589,3,3,0.0,0.0,0.0,-3.863,-2.857,0.607,-6.313,100,9.12,-1.0,,-1.0
DOGE/USDT,0.06,False,True,False,55.0,95.0,0.8,0.03,0.07,24,-22.45,-2.14,-0.2801,-28.01,55.56,0.66,225,-0.7492,3,3,0.0,33.33,33.33,-2.247,-1.54,0.777,-5.443,90,8.97,-1.0,,-1.0
DOGE/USDT,0.05,True,False,False,65.0,95.0,0.8,0.03,0.07,36,-23.27,-1.9,-0.301,-30.1,59.68,0.71,253,-0.66,3,3,0.0,0.0,0.0,-4.24,-2.36,0.677,-8.27,98,8.73,-1.0,,-1.0
DOGE/USDT,0.05,True,True,False,65.0,95.0,0.8,0.04,0.07,24,-21.85,-1.92,-0.2893,-28.93,50.45,0.68,220,-0.7112,3,3,0.0,0.0,0.0,-4.007,-2.373,0.59,-6.787,87,8.65,-1.0,,-1.0
DOGE/USDT,0.06,True,False,False,65.0,95.0,0.8,0.03,0.07,36,-24.17,-2.18,-0.2905,-29.05,59.13,0.64,208,-0.8864,3,3,0.0,0.0,33.33,-3.107,-1.887,0.733,-7.363,87,8.47,-1.0,,-1.0
DOGE/USDT,0.05,True,True,False,65.0,95.0,0.8,0.03,0.07,36,-24.5,-2.12,-0.3001,-30.01,58.59,0.66,227,-0.8133,3,3,0.0,0.0,0.0,-4.177,-2.437,0.65,-8.03,90,8.43,-1.0,,-1.0
DOGE/USDT,0.06,True,True,False,65.0,95.0,0.8,0.03,0.07,36,-25.5,-2.44,-0.2928,-29.28,57.98,0.59,188,-1.0713,3,3,0.0,0.0,33.33,-3.543,-2.277,0.657,-7.313,77,8.15,-1.0,,-1.0
DOGE/USDT,0.05,True,True,False,60.0,90.0,0.8,0.04,0.05,36,-29.31,-2.57,-0.3359,-33.59,46.01,0.65,276,-0.833,3,3,0.0,0.0,0.0,-4.247,-2.527,0.617,-7.367,98,8.04,-1.0,,-1.0
DOGE/USDT,0.07,False,True,True,55.0,95.0,0.8,0.04,0.06,36,3.16,0.8,-0.0274,-2.74,71.43,2.32,21,1.2299,3,3,66.67,66.67,33.33,0.23,0.213,0.467,-1.33,9,-1.0,-1.0,,-1.0
DOGE/USDT,0.07,True,False,True,55.0,85.0,0.8,0.02,0.04,24,0.21,0.08,-0.0264,-2.64,63.89,1.18,36,0.172,3,3,66.67,66.67,0.0,0.103,-0.203,0.003,-1.05,15,-1.0,-1.0,,-1.0
DOGE/USDT,0.06,True,False,True,65.0,95.0,0.8,0.04,0.06,12,0.76,0.26,-0.0226,-2.26,48.65,1.41,37,0.2944,3,3,66.67,66.67,33.33,0.03,0.533,0.387,-1.223,23,-1.0,-1.0,,-1.0
DOGE/USDT,0.08,False,True,True,55.0,95.0,0.8,0.04,0.06,36,2.23,0.73,-0.0221,-2.21,66.67,2.25,12,1.4432,3,3,66.67,66.67,33.33,0.13,0.447,0.64,-1.217,7,-1.0,-1.0,,-1.0
DOGE/USDT,0.07,True,True,True,55.0,85.0,0.8,0.04,0.05,24,1.85,0.55,-0.021,-2.1,60.0,1.84,20,0.8649,3,3,66.67,66.67,33.33,0.087,-0.173,0.483,-0.94,9,-1.0,-1.0,,-1.0
DOGE/USDT,0.07,True,False,True,65.0,95.0,0.8,0.02,0.07,36,1.63,0.52,-0.0182,-1.82,72.0,2.06,25,0.613,3,3,66.67,66.67,0.0,0.153,0.42,0.01,-1.06,13,-1.0,-1.0,,-1.0
DOGE/USDT,0.07,True,True,True,55.0,85.0,1.0,0.02,0.04,24,0.41,0.19,-0.018,-1.8,68.75,1.38,16,0.3432,3,3,66.67,66.67,0.0,0.103,0.147,0.0,-0.753,8,-1.0,-1.0,,-1.0
DOGE/USDT,0.08,True,False,True,55.0,85.0,0.8,0.02,0.04,24,1.02,0.37,-0.0141,-1.41,73.08,1.56,26,0.4754,3,3,66.67,66.67,0.0,0.377,0.013,0.003,-0.897,14,-1.0,-1.0,,-1.0
DOGE/USDT,0.08,True,False,True,65.0,95.0,0.8,0.02,0.07,36,2.13,0.87,-0.0132,-1.32,83.33,3.45,18,1.0601,3,3,66.67,66.67,0.0,0.38,0.517,0.013,-0.897,12,-1.0,-1.0,,-1.0
DOGE/USDT,0.07,True,True,True,65.0,95.0,1.0,0.02,0.07,36,0.64,0.28,-0.0132,-1.32,75.0,1.82,12,0.5413,3,3,66.67,66.67,0.0,0.08,0.723,0.0,-0.803,7,-1.0,-1.0,,-1.0
DOGE/USDT,0.08,True,True,True,65.0,95.0,1.0,0.02,0.07,36,0.09,0.06,-0.0132,-1.32,66.67,1.16,6,0.1747,3,3,66.67,66.67,0.0,0.03,0.803,0.0,-0.703,6,-1.0,-1.0,,-1.0
DOGE/USDT,0.07,True,True,True,55.0,85.0,1.0,0.02,0.07,12,-0.01,0.0,-0.013,-1.3,52.94,1.17,17,0.1436,3,3,66.67,66.67,33.33,-0.087,0.087,0.663,-0.64,9,-1.0,-1.0,,-1.0
DOGE/USDT,0.08,True,True,True,55.0,85.0,1.0,0.02,0.04,24,0.83,0.5,-0.0118,-1.18,80.0,1.85,10,0.7,3,3,66.67,66.67,0.0,0.117,0.283,0.0,-0.697,8,-1.0,-1.0,,-1.0
DOGE/USDT,0.08,True,True,True,60.0,90.0,1.0,0.02,0.06,12,-0.21,-0.18,-0.0102,-1.02,57.14,0.89,7,-0.137,3,3,66.67,66.67,33.33,-0.16,-0.02,0.54,-0.557,6,-1.0,-1.0,,-1.0
DOGE/USDT,0.08,True,True,True,65.0,95.0,1.0,0.02,0.05,12,-0.48,-0.44,-0.0102,-1.02,50.0,0.67,6,-0.4764,3,3,66.67,66.67,33.33,-0.16,-0.02,0.54,-0.557,6,-1.0,-1.0,,-1.0
DOGE/USDT,0.08,True,True,True,55.0,85.0,1.0,0.02,0.07,12,0.48,0.38,-0.0091,-0.91,70.0,1.55,10,0.4741,3,3,66.67,66.67,33.33,-0.003,0.293,1.08,-0.6,8,-1.0,-1.0,,-1.0
DOGE/USDT,0.06,True,True,True,55.0,85.0,0.8,0.03,0.05,36,-3.21,-0.82,-0.0717,-7.17,48.15,0.62,27,-0.7601,3,3,33.33,33.33,0.0,-1.023,-0.713,0.063,-1.743,12,-1.0,-1.0,,-1.0
DOGE/USDT,0.06,False,True,True,55.0,95.0,0.8,0.04,0.06,36,-1.57,-0.33,-0.0694,-6.94,53.57,0.89,28,-0.1915,3,3,33.33,33.33,0.0,-0.853,-0.35,0.063,-1.917,13,-1.0,-1.0,,-1.0
DOGE/USDT,0.05,True,True,True,60.0,90.0,1.0,0.03,0.04,36,-4.91,-1.21,-0.0687,-6.87,38.89,0.52,36,-0.896,3,3,33.33,33.33,33.33,-1.33,-0.917,1.303,-2.113,21,-1.0,-1.0,,-1.0
DOGE/USDT,0.06,False,True,True,55.0,95.0,0.8,0.02,0.05,36,-3.41,-0.88,-0.0664,-6.64,58.06,0.59,31,-0.6933,3,3,33.33,33.33,0.0,-1.02,-0.34,0.147,-1.723,15,-1.0,-1.0,,-1.0
DOGE/USDT,0.06,True,True,True,60.0,90.0,1.0,0.03,0.04,36,-3.49,-1.07,-0.0582,-5.82,40.91,0.48,22,-1.0614,3,3,33.33,33.33,0.0,-1.203,-0.623,0.107,-1.673,13,-1.0,-1.0,,-1.0
DOGE/USDT,0.04,True,True,True,65.0,95.0,1.0,0.04,0.07,36,-2.35,-0.45,-0.0577,-5.77,44.74,0.77,38,-0.3334,3,3,33.33,33.33,33.33,-1.41,-1.387,0.66,-3.11,22,-1.0,-1.0,,-1.0
DOGE/USDT,0.05,True,True,True,65.0,95.0,1.0,0.04,0.07,36,-3.0,-0.63,-0.0534,-5.34,41.38,0.6,29,-0.6083,3,3,33.33,33.33,33.33,-1.12,-0.963,0.627,-2.643,18,-1.0,-1.0,,-1.0
DOGE/USDT,0.07,False,False,True,55.0,95.0,0.8,0.03,0.04,36,-1.55,-0.36,-0.0496,-4.96,51.61,0.83,31,-0.2613,3,3,33.33,33.33,0.0,-0.677,-0.917,0.087,-1.34,13,-1.0,-1.0,,-1.0
DOGE/USDT,0.07,True,False,True,55.0,85.0,0.8,0.03,0.05,36,-1.18,-0.26,-0.0491,-4.91,56.67,0.93,30,-0.1061,3,3,33.33,33.33,0.0,-0.64,-0.753,0.197,-1.597,13,-1.0,-1.0,,-1.0
DOGE/USDT,0.06,True,True,True,55.0,85.0,0.8,0.04,0.05,24,0.01,0.02,-0.0485,-4.85,55.56,1.05,27,0.0672,3,3,33.33,33.33,0.0,-0.283,0.077,0.087,-1.16,12,-1.0,-1.0,,-1.0
DOGE/USDT,0.06,False,True,True,55.0,95.0,0.8,0.03,0.04,24,-0.19,-0.03,-0.0477,-4.77,54.84,1.05,31,0.0703,3,3,33.33,33.33,0.0,-0.417,0.187,0.227,-1.18,15,-1.0,-1.0,,-1.0
DOGE/USDT,0.04,True,True,True,65.0,95.0,1.0,0.02,0.07,36,-1.07,-0.26,-0.0469,-4.69,63.16,0.93,38,-0.0799,3,3,33.33,33.33,66.67,-0.993,-0.87,0.933,-2.01,22,-1.0,-1.0,,-1.0
DOGE/USDT,0.06,False,True,True,55.0,95.0,0.8,0.03,0.07,12,-0.45,-0.11,-0.0453,-4.53,43.75,1.03,32,0.0369,3,3,33.33,33.33,0.0,-0.593,-0.167,0.14,-1.317,17,-1.0,-1.0,,-1.0
DOGE/USDT,0.07,True,True,True,55.0,85.0,0.8,0.03,0.05,36,-0.82,-0.22,-0.042,-4.2,60.0,0.91,20,-0.1541,3,3,33.33,33.33,0.0,-0.687,-1.01,0.063,-1.287,9,-1.0,-1.0,,-1.0
DOGE/USDT,0.06,True,True,True,60.0,90.0,0.8,0.03,0.07,24,-0.17,-0.03,-0.0384,-3.84,54.17,1.02,24,0.0234,3,3,33.33,33.33,0.0,-0.46,0.297,0.213,-1.137,12,-1.0,-1.0,,-1.0
DOGE/USDT,0.06,True,False,True,60.0,90.0,0.8,0.03,0.07,24,0.92,0.24,-0.0377,-3.77,59.46,1.29,37,0.316,3,3,33.33,66.67,33.33,-0.097,0.58,0.363,-1.35,21,-1.0,-1.0,,-1.0
DOGE/USDT,0.05,True,True,True,65.0,95.0,0.8,0.03,0.06,24,-0.71,-0.15,-0.0369,-3.69,54.55,0.98,33,-0.0224,3,3,33.33,33.33,33.33,-0.36,-0.01,1.22,-1.343,19,-1.0,-1.0,,-1.0
DOGE/USDT,0.06,True,False,True,65.0,95.0,0.8,0.02,0.07,36,0.58,0.17,-0.0364,-3.64,65.79,1.35,38,0.2957,3,3,33.33,33.33,0.0,-0.1,0.54,0.38,-1.337,22,-1.0,-1.0,,-1.0
DOGE/USDT,0.08,True,True,True,55.0,85.0,0.8,0.03,0.05,36,-1.4,-0.48,-0.0363,-3.63,50.0,0.65,12,-0.7775,3,3,33.33,33.33,0.0,-0.89,-1.11,0.063,-1.253,7,-1.0,-1.0,,-1.0
DOGE/USDT,0.07,False,False,True,55.0,95.0,0.8,0.04,0.07,12,0.35,0.11,-0.0361,-3.61,47.06,1.2,34,0.1904,3,3,33.33,33.33,0.0,-0.437,-0.82,0.127,-1.087,16,-1.0,-1.0,,-1.0
DOGE/USDT,0.06,True,True,True,65.0,95.0,0.8,0.03,0.06,24,-0.84,-0.22,-0.0351,-3.51,47.62,0.82,21,-0.2251,3,3,33.33,33.33,0.0,-0.41,0.347,0.213,-1.087,12,-1.0,-1.0,,-1.0
DOGE/USDT,0.07,False,True,True,55.0,95.0,0.8,0.03,0.04,24,0.27,0.09,-0.0345,-3.45,54.55,1.19,22,0.2334,3,3,33.33,33.33,0.0,-0.367,-0.897,0.093,-0.967,9,-1.0,-1.0,,-1.0
DOGE/USDT,0.05,True,True,True,65.0,95.0,1.0,0.02,0.07,36,-0.81,-0.21,-0.034,-3.4,65.52,0.97,29,-0.0308,3,3,33.33,33.33,33.33,-0.63,-0.687,0.827,-1.65,18,-1.0,-1.0,,-1.0
DOGE/USDT,0.07,True,False,True,60.0,90.0,0.8,0.03,0.07,24,0.56,0.17,-0.0332,-3.32,56.0,1.28,25,0.2959,3,3,33.33,33.33,0.0,-0.307,-0.477,0.183,-0.987,12,-1.0,-1.0,,-1.0
DOGE/USDT,0.07,True,True,True,60.0,90.0,1.0,0.03,0.04,36,-1.55,-0.55,-0.0325,-3.25,50.0,0.6,14,-0.7395,3,3,33.33,33.33,0.0,-0.67,-1.09,0.08,-1.013,7,-1.0,-1.0,,-1.0
DOGE/USDT,0.06,True,True,True,60.0,90.0,0.8,0.04,0.07,12,0.06,0.03,-0.032,-3.2,41.67,1.12,24,0.1144,3,3,33.33,33.33,0.0,-0.473,-0.57,0.09,-1.007,12,-1.0,-1.0,,-1.0
DOGE/USDT,0.08,False,False,True,55.0,95.0,0.8,0.03,0.04,36,-0.77,-0.21,-0.0312,-3.12,59.09,0.99,22,-0.0169,3,3,33.33,33.33,0.0,-0.26,-0.337,0.227,-1.147,12,-1.0,-1.0,,-1.0
DOGE/USDT,0.08,True,False,True,55.0,85.0,0.8,0.03,0.05,36,-0.23,-0.05,-0.0308,-3.08,66.67,1.15,21,0.2251,3,3,33.33,33.33,0.0,-0.177,-0.24,0.34,-1.367,12,-1.0,-1.0,,-1.0
DOGE/USDT,0.06,True,True,True,65.0,95.0,1.0,0.02,0.07,36,-1.0,-0.33,-0.0308,-3.08,61.11,0.82,18,-0.2288,3,3,33.33,33.33,0.0,-0.47,0.567,0.27,-1.09,11,-1.0,-1.0,,-1.0
DOGE/USDT,0.08,False,True,True,55.0,95.0,0.8,0.03,0.04,24,-0.74,-0.26,-0.0298,-2.98,50.0,0.8,12,-0.3659,3,3,33.33,33.33,0.0,-0.67,-1.09,0.08,-1.037,7,-1.0,-1.0,,-1.0
DOGE/USDT,0.05,True,True,True,55.0,85.0,1.0,0.02,0.07,12,-0.86,-0.29,-0.0297,-2.97,58.97,0.96,39,-0.0415,3,3,33.33,33.33,33.33,-0.323,-0.623,0.833,-1.083,21,-1.0,-1.0,,-1.0
DOGE/USDT,0.07,True,True,True,60.0,90.0,0.8,0.03,0.07,24,-0.11,-0.02,-0.0292,-2.92,50.0,1.01,18,0.0175,3,3,33.33,33.33,0.0,-0.363,-0.513,0.1,-0.923,8,-1.0,-1.0,,-1.0
DOGE/USDT,0.07,False,True,True,55.0,95.0,0.8,0.02,0.05,36,-0.4,-0.11,-0.029,-2.9,70.83,1.05,24,0.0632,3,3,33.33,33.33,0.0,-0.357,-0.427,0.31,-0.977,12,-1.0,-1.0,,-1.0
DOGE/USDT,0.07,True,True,True,65.0,95.0,0.8,0.03,0.06,24,-0.93,-0.28,-0.0282,-2.82,40.0,0.72,15,-0.3982,3,3,33.33,33.33,0.0,-0.363,-0.513,0.1,-0.923,8,-1.0,-1.0,,-1.0
DOGE/USDT,0.08,False,True,True,55.0,95.0,0.8,0.02,0.05,36,-0.75,-0.27,-0.028,-2.8,66.67,0.88,15,-0.1753,3,3,33.33,33.33,0.0,-0.5,-0.393,0.31,-0.937,10,-1.0,-1.0,,-1.0
DOGE/USDT,0.07,True,False,True,60.0,90.0,0.8,0.02,0.06,12,0.03,0.03,-0.0279,-2.79,52.94,1.15,34,0.1191,3,3,33.33,33.33,33.33,-0.18,-0.56,0.367,-0.88,16,-1.0,-1.0,,-1.0
DOGE/USDT,0.06,True,True,True,60.0,90.0,1.0,0.02,0.06,12,-1.21,-0.55,-0.0279,-2.79,40.0,0.68,20,-0.3335,3,3,33.33,33.33,0.0,-0.433,0.297,0.19,-0.82,11,-1.0,-1.0,,-1.0
DOGE/USDT,0.06,True,True,True,65.0,95.0,0.8,0.04,0.06,12,-0.92,-0.38,-0.0277,-2.77,38.1,0.74,21,-0.2217,3,3,33.33,33.33,0.0,-0.423,-0.49,0.09,-0.957,12,-1.0,-1.0,,-1.0
DOGE/USDT,0.08,False,False,True,55.0,95.0,0.8,0.04,0.07,12,0.96,0.28,-0.0268,-2.68,56.52,1.5,23,0.5179,3,3,33.33,33.33,0.0,-0.247,-0.673,0.197,-1.13,15,-1.0,-1.0,,-1.0
DOGE/USDT,0.06,True,True,True,55.0,85.0,1.0,0.02,0.04,24,-0.25,-0.09,-0.0267,-2.67,65.22,1.08,23,0.0908,3,3,33.33,33.33,33.33,-0.083,0.803,0.54,-0.887,13,-1.0,-1.0,,-1.0
DOGE/USDT,0.08,True,True,True,60.0,90.0,0.8,0.03,0.07,24,-0.69,-0.24,-0.0266,-2.66,45.45,0.75,11,-0.4411,3,3,33.33,33.33,0.0,-0.553,-0.573,0.083,-1.047,7,-1.0,-1.0,,-1.0
DOGE/USDT,0.08,True,True,True,65.0,95.0,0.8,0.03,0.06,24,-1.86,-0.73,-0.0266,-2.66,25.0,0.3,8,-1.694,3,3,33.33,33.33,0.0,-0.553,-0.573,0.083,-1.047,7,-1.0,-1.0,,-1.0
DOGE/USDT,0.07,False,True,True,55.0,95.0,0.8,0.03,0.07,12,0.59,0.2,-0.026,-2.6,48.0,1.35,25,0.342,3,3,33.33,33.33,0.0,-0.423,-0.82,0.14,-1.177,13,-1.0,-1.0,,-1.0
DOGE/USDT,0.04,True,True,True,65.0,95.0,1.0,0.02,0.05,12,-0.15,-0.04,-0.0254,-2.54,56.41,1.1,39,0.0785,3,3,33.33,33.33,33.33,-0.473,-0.617,0.963,-1.193,23,-1.0,-1.0,,-1.0
DOGE/USDT,0.05,True,True,True,60.0,90.0,1.0,0.02,0.06,12,-0.64,-0.23,-0.0245,-2.45,52.94,0.98,34,-0.0187,3,3,33.33,33.33,33.33,-0.433,-0.717,0.783,-1.01,19,-1.0,-1.0,,-1.0
DOGE/USDT,0.08,True,True,True,60.0,90.0,1.0,0.03,0.04,36,-1.08,-0.59,-0.0243,-2.43,42.86,0.53,7,-1.1,3,3,33.33,33.33,0.0,-0.497,-1.017,0.117,-0.85,6,-1.0,-1.0,,-1.0
DOGE/USDT,0.05,True,True,True,65.0,95.0,0.8,0.04,0.06,12,-1.03,-0.34,-0.024,-2.4,51.52,0.86,33,-0.1053,3,3,33.33,33.33,33.33,-0.46,-0.86,0.743,-1.177,19,-1.0,-1.0,,-1.0
DOGE/USDT,0.08,False,True,True,55.0,95.0,0.8,0.03,0.07,12,-0.18,-0.06,-0.0229,-2.29,50.0,1.04,16,0.0492,3,3,33.33,33.33,0.0,-0.55,-1.123,0.163,-1.077,11,-1.0,-1.0,,-1.0
DOGE/USDT,0.06,True,True,True,55.0,85.0,1.0,0.02,0.07,12,-0.48,-0.21,-0.0229,-2.29,50.0,0.93,22,-0.071,3,3,33.33,33.33,0.0,-0.267,0.58,0.327,-0.683,12,-1.0,-1.0,,-1.0
DOGE/USDT,0.06,True,True,True,65.0,95.0,1.0,0.02,0.05,12,-0.88,-0.46,-0.0226,-2.26,38.89,0.73,18,-0.2535,3,3,33.33,33.33,0.0,-0.383,0.367,0.19,-0.77,11,-1.0,-1.0,,-1.0
DOGE/USDT,0.08,True,False,True,60.0,90.0,0.8,0.03,0.07,24,0.8,0.28,-0.0222,-2.22,61.11,1.47,18,0.516,3,3,33.33,33.33,0.0,-0.07,-0.27,0.263,-0.893,11,-1.0,-1.0,,-1.0
DOGE/USDT,0.07,True,False,True,65.0,95.0,0.8,0.04,0.06,12,0.19,0.09,-0.0211,-2.11,50.0,1.29,22,0.1956,3,3,33.33,33.33,0.0,-0.283,-0.763,0.007,-0.81,12,-1.0,-1.0,,-1.0
DOGE/USDT,0.08,True,True,True,55.0,85.0,0.8,0.04,0.05,24,1.28,0.47,-0.02,-2.0,58.33,1.67,12,0.9149,3,3,33.33,33.33,0.0,-0.177,-0.097,0.31,-0.973,7,-1.0,-1.0,,-1.0
DOGE/USDT,0.07,True,True,True,60.0,90.0,0.8,0.04,0.07,12,0.56,0.24,-0.019,-1.9,41.18,1.37,17,0.3161,3,3,33.33,33.33,0.0,-0.287,-0.94,0.0,-0.627,7,-1.0,-1.0,,-1.0
DOGE/USDT,0.07,True,True,True,65.0,95.0,0.8,0.04,0.06,12,-0.57,-0.26,-0.0184,-1.84,35.71,0.74,14,-0.2163,3,3,33.33,33.33,0.0,-0.287,-0.94,0.0,-0.627,7,-1.0,-1.0,,-1.0
DOGE/USDT,0.08,True,True,True,60.0,90.0,0.8,0.04,0.07,12,0.35,0.2,-0.018,-1.8,40.0,1.24,10,0.2589,3,3,33.33,33.33,0.0,-0.417,-1.183,0.0,-0.65,6,-1.0,-1.0,,-1.0
DOGE/USDT,0.08,True,True,True,65.0,95.0,0.8,0.04,0.06,12,-1.26,-0.91,-0.018,-1.8,14.29,0.16,7,-1.3016,3,3,33.33,33.33,0.0,-0.417,-1.183,0.0,-0.65,6,-1.0,-1.0,,-1.0
DOGE/USDT,0.08,True,False,True,65.0,95.0,0.8,0.04,0.06,12,0.66,0.35,-0.0179,-1.79,61.54,1.92,13,0.5942,3,3,33.33,33.33,0.0,-0.027,-0.51,0.007,-0.673,9,-1.0,-1.0,,-1.0
DOGE/USDT,0.05,True,True,True,65.0,95.0,1.0,0.02,0.05,12,-0.54,-0.22,-0.0176,-1.76,51.72,0.98,29,-0.0143,3,3,33.33,33.33,33.33,-0.283,-0.407,0.903,-0.92,18,-1.0,-1.0,,-1.0
DOGE/USDT,0.08,True,False,True,60.0,90.0,0.8,0.02,0.06,12,1.06,0.46,-0.0162,-1.62,65.22,1.75,23,0.4961,3,3,33.33,33.33,33.33,-0.04,-0.56,0.38,-0.76,14,-1.0,-1.0,,-1.0
DOGE/USDT,0.07,True,True,True,60.0,90.0,1.0,0.02,0.06,12,-0.71,-0.38,-0.0152,-1.52,42.86,0.78,14,-0.2328,3,3,33.33,33.33,0.0,-0.243,-0.227,0.33,-0.593,7,-1.0,-1.0,,-1.0
DOGE/USDT,0.07,True,True,True,65.0,95.0,1.0,0.02,0.05,12,-0.52,-0.33,-0.0132,-1.32,41.67,0.82,12,-0.1793,3,3,33.33,33.33,0.0,-0.243,-0.227,0.33,-0.593,7,-1.0,-1.0,,-1.0
